-- phpMyAdmin SQL Dump
-- version 4.0.10deb1
-- http://www.phpmyadmin.net
--
-- Host: localhost
-- Generation Time: Jun 29, 2015 at 04:04 PM
-- Server version: 5.5.43-0ubuntu0.14.04.1
-- PHP Version: 5.5.9-1ubuntu4.9

SET SQL_MODE = "NO_AUTO_VALUE_ON_ZERO";
SET time_zone = "+00:00";


/*!40101 SET @OLD_CHARACTER_SET_CLIENT=@@CHARACTER_SET_CLIENT */;
/*!40101 SET @OLD_CHARACTER_SET_RESULTS=@@CHARACTER_SET_RESULTS */;
/*!40101 SET @OLD_COLLATION_CONNECTION=@@COLLATION_CONNECTION */;
/*!40101 SET NAMES utf8 */;

--
-- Database: `LandmarkDetection`
--

-- --------------------------------------------------------

--
-- Table structure for table `LandmarkDetails`
--

CREATE TABLE IF NOT EXISTS `LandmarkDetails` (
  `RouteId` int(11) NOT NULL,
  `FromLandmark` int(11) NOT NULL,
  `LandmarkId` int(11) NOT NULL,
  `TimeZone` int(11) NOT NULL,
  `TimeDiff` float NOT NULL,
  `Confidence` float NOT NULL,
  PRIMARY KEY (`RouteId`,`FromLandmark`,`LandmarkId`,`TimeZone`),
  KEY `FromLandmark` (`FromLandmark`),
  KEY `LandmarkId` (`LandmarkId`)
) ENGINE=InnoDB DEFAULT CHARSET=latin1;

--
-- Dumping data for table `LandmarkDetails`
--

INSERT INTO `LandmarkDetails` (`RouteId`, `FromLandmark`, `LandmarkId`, `TimeZone`, `TimeDiff`, `Confidence`) VALUES
(1, 0, 78, 1, 42, 1),
(1, 0, 78, 2, 42, 1),
(1, 0, 78, 3, 42, 1),
(1, 0, 78, 4, 42, 1),
(1, 78, 79, 1, 47, 1),
(1, 78, 79, 2, 47, 1),
(1, 78, 79, 3, 47, 1),
(1, 78, 79, 4, 47, 1),
(1, 79, 80, 1, 47, 1),
(1, 79, 80, 2, 47, 1),
(1, 79, 80, 3, 47, 1),
(1, 79, 80, 4, 47, 1),
(1, 80, 81, 1, 48, 1),
(1, 80, 81, 2, 48, 1),
(1, 80, 81, 3, 48, 1),
(1, 80, 81, 4, 48, 1),
(1, 81, 82, 1, 21, 1),
(1, 81, 82, 2, 21, 1),
(1, 81, 82, 3, 21, 1),
(1, 81, 82, 4, 21, 1),
(1, 82, 83, 1, 40, 1),
(1, 82, 83, 2, 40, 1),
(1, 82, 83, 3, 40, 1),
(1, 82, 83, 4, 40, 1),
(1, 83, 84, 1, 44, 1),
(1, 83, 84, 2, 44, 1),
(1, 83, 84, 3, 44, 1),
(1, 83, 84, 4, 44, 1),
(1, 84, 85, 1, 47, 1),
(1, 84, 85, 2, 47, 1),
(1, 84, 85, 3, 47, 1),
(1, 84, 85, 4, 47, 1),
(1, 85, 86, 1, 10, 1),
(1, 85, 86, 2, 10, 1),
(1, 85, 86, 3, 10, 1),
(1, 85, 86, 4, 10, 1),
(1, 86, 87, 1, 42, 1),
(1, 86, 87, 2, 42, 1),
(1, 86, 87, 3, 42, 1),
(1, 86, 87, 4, 42, 1),
(1, 87, 88, 1, 15, 1),
(1, 87, 88, 2, 15, 1),
(1, 87, 88, 3, 15, 1),
(1, 87, 88, 4, 15, 1),
(1, 88, 89, 1, 215, 1),
(1, 88, 89, 2, 215, 1),
(1, 88, 89, 3, 215, 1),
(1, 88, 89, 4, 215, 1),
(1, 89, 90, 1, 5, 1),
(1, 89, 90, 2, 5, 1),
(1, 89, 90, 3, 5, 1),
(1, 89, 90, 4, 5, 1),
(1, 90, 91, 1, 39, 1),
(1, 90, 91, 2, 39, 1),
(1, 90, 91, 3, 39, 1),
(1, 90, 91, 4, 39, 1),
(1, 91, 92, 1, 11, 1),
(1, 91, 92, 2, 11, 1),
(1, 91, 92, 3, 11, 1),
(1, 91, 92, 4, 11, 1),
(1, 92, 93, 1, 26, 1),
(1, 92, 93, 2, 26, 1),
(1, 92, 93, 3, 26, 1),
(1, 92, 93, 4, 26, 1),
(1, 93, 94, 1, 11, 1),
(1, 93, 94, 2, 11, 1),
(1, 93, 94, 3, 11, 1),
(1, 93, 94, 4, 11, 1),
(1, 94, 95, 1, 25, 1),
(1, 94, 95, 2, 25, 1),
(1, 94, 95, 3, 25, 1),
(1, 94, 95, 4, 25, 1),
(1, 95, 96, 1, 64, 1),
(1, 95, 96, 2, 64, 1),
(1, 95, 96, 3, 64, 1),
(1, 95, 96, 4, 64, 1),
(1, 96, 97, 1, 9, 1),
(1, 96, 97, 2, 9, 1),
(1, 96, 97, 3, 9, 1),
(1, 96, 97, 4, 9, 1),
(1, 97, 98, 1, 42, 1),
(1, 97, 98, 2, 42, 1),
(1, 97, 98, 3, 42, 1),
(1, 97, 98, 4, 42, 1),
(1, 98, 99, 1, 50, 1),
(1, 98, 99, 2, 50, 1),
(1, 98, 99, 3, 50, 1),
(1, 98, 99, 4, 50, 1),
(1, 99, 100, 1, 36, 1),
(1, 99, 100, 2, 36, 1),
(1, 99, 100, 3, 36, 1),
(1, 99, 100, 4, 36, 1),
(1, 100, 101, 1, 27, 1),
(1, 100, 101, 2, 27, 1),
(1, 100, 101, 3, 27, 1),
(1, 100, 101, 4, 27, 1),
(1, 101, 102, 1, 47, 1),
(1, 101, 102, 2, 47, 1),
(1, 101, 102, 3, 47, 1),
(1, 101, 102, 4, 47, 1),
(1, 102, 103, 1, 20, 1),
(1, 102, 103, 2, 20, 1),
(1, 102, 103, 3, 20, 1),
(1, 102, 103, 4, 20, 1),
(1, 103, 104, 1, 35, 1),
(1, 103, 104, 2, 35, 1),
(1, 103, 104, 3, 35, 1),
(1, 103, 104, 4, 35, 1),
(1, 104, 105, 1, 17, 1),
(1, 104, 105, 2, 17, 1),
(1, 104, 105, 3, 17, 1),
(1, 104, 105, 4, 17, 1),
(1, 105, 106, 1, 69, 1),
(1, 105, 106, 2, 69, 1),
(1, 105, 106, 3, 69, 1),
(1, 105, 106, 4, 69, 1),
(1, 106, 107, 1, 85, 1),
(1, 106, 107, 2, 85, 1),
(1, 106, 107, 3, 85, 1),
(1, 106, 107, 4, 85, 1),
(1, 107, 108, 1, 139, 1),
(1, 107, 108, 2, 139, 1),
(1, 107, 108, 3, 139, 1),
(1, 107, 108, 4, 139, 1),
(1, 108, 109, 1, 12, 1),
(1, 108, 109, 2, 12, 1),
(1, 108, 109, 3, 12, 1),
(1, 108, 109, 4, 12, 1),
(1, 109, 110, 1, 22, 1),
(1, 109, 110, 2, 22, 1),
(1, 109, 110, 3, 22, 1),
(1, 109, 110, 4, 22, 1),
(1, 110, 111, 1, 30, 1),
(1, 110, 111, 2, 30, 1),
(1, 110, 111, 3, 30, 1),
(1, 110, 111, 4, 30, 1),
(1, 111, 112, 1, 2, 1),
(1, 111, 112, 2, 2, 1),
(1, 111, 112, 3, 2, 1),
(1, 111, 112, 4, 2, 1),
(1, 112, 113, 1, 154, 1),
(1, 112, 113, 2, 154, 1),
(1, 112, 113, 3, 154, 1),
(1, 112, 113, 4, 154, 1),
(1, 113, 114, 1, 19, 1),
(1, 113, 114, 2, 19, 1),
(1, 113, 114, 3, 19, 1),
(1, 113, 114, 4, 19, 1),
(1, 114, 115, 1, 39, 1),
(1, 114, 115, 2, 39, 1),
(1, 114, 115, 3, 39, 1),
(1, 114, 115, 4, 39, 1),
(1, 115, 116, 1, 11, 1),
(1, 115, 116, 2, 11, 1),
(1, 115, 116, 3, 11, 1),
(1, 115, 116, 4, 11, 1),
(1, 116, 117, 1, 102, 1),
(1, 116, 117, 2, 102, 1),
(1, 116, 117, 3, 102, 1),
(1, 116, 117, 4, 102, 1),
(1, 117, 118, 1, 150, 1),
(1, 117, 118, 2, 150, 1),
(1, 117, 118, 3, 150, 1),
(1, 117, 118, 4, 150, 1),
(1, 118, 119, 1, 141, 1),
(1, 118, 119, 2, 141, 1),
(1, 118, 119, 3, 141, 1),
(1, 118, 119, 4, 141, 1),
(1, 119, 120, 1, 7, 1),
(1, 119, 120, 2, 7, 1),
(1, 119, 120, 3, 7, 1),
(1, 119, 120, 4, 7, 1),
(1, 120, 121, 1, 34, 1),
(1, 120, 121, 2, 34, 1),
(1, 120, 121, 3, 34, 1),
(1, 120, 121, 4, 34, 1),
(1, 121, 122, 1, 12, 1),
(1, 121, 122, 2, 12, 1),
(1, 121, 122, 3, 12, 1),
(1, 121, 122, 4, 12, 1),
(1, 122, 123, 1, 71, 1),
(1, 122, 123, 2, 71, 1),
(1, 122, 123, 3, 71, 1),
(1, 122, 123, 4, 71, 1),
(1, 123, 124, 1, 13, 1),
(1, 123, 124, 2, 13, 1),
(1, 123, 124, 3, 13, 1),
(1, 123, 124, 4, 13, 1),
(1, 124, 125, 1, 65, 1),
(1, 124, 125, 2, 65, 1),
(1, 124, 125, 3, 65, 1),
(1, 124, 125, 4, 65, 1),
(1, 125, 126, 1, 7, 1),
(1, 125, 126, 2, 7, 1),
(1, 125, 126, 3, 7, 1),
(1, 125, 126, 4, 7, 1),
(1, 126, 127, 1, 63, 1),
(1, 126, 127, 2, 63, 1),
(1, 126, 127, 3, 63, 1),
(1, 126, 127, 4, 63, 1),
(1, 127, 128, 1, 32, 1),
(1, 127, 128, 2, 32, 1),
(1, 127, 128, 3, 32, 1),
(1, 127, 128, 4, 32, 1),
(1, 128, 129, 1, 9, 1),
(1, 128, 129, 2, 9, 1),
(1, 128, 129, 3, 9, 1),
(1, 128, 129, 4, 9, 1),
(1, 129, 130, 1, 36, 1),
(1, 129, 130, 2, 36, 1),
(1, 129, 130, 3, 36, 1),
(1, 129, 130, 4, 36, 1),
(1, 130, 131, 1, 12, 1),
(1, 130, 131, 2, 12, 1),
(1, 130, 131, 3, 12, 1),
(1, 130, 131, 4, 12, 1),
(1, 131, 132, 1, 40, 1),
(1, 131, 132, 2, 40, 1),
(1, 131, 132, 3, 40, 1),
(1, 131, 132, 4, 40, 1),
(1, 132, 133, 1, 7, 1),
(1, 132, 133, 2, 7, 1),
(1, 132, 133, 3, 7, 1),
(1, 132, 133, 4, 7, 1),
(1, 133, 134, 1, 7, 1),
(1, 133, 134, 2, 7, 1),
(1, 133, 134, 3, 7, 1),
(1, 133, 134, 4, 7, 1),
(1, 134, 135, 1, 8, 1),
(1, 134, 135, 2, 8, 1),
(1, 134, 135, 3, 8, 1),
(1, 134, 135, 4, 8, 1),
(1, 135, 136, 1, 42, 1),
(1, 135, 136, 2, 42, 1),
(1, 135, 136, 3, 42, 1),
(1, 135, 136, 4, 42, 1),
(1, 136, 137, 1, 11, 1),
(1, 136, 137, 2, 11, 1),
(1, 136, 137, 3, 11, 1),
(1, 136, 137, 4, 11, 1),
(1, 137, 138, 1, 16, 1),
(1, 137, 138, 2, 16, 1),
(1, 137, 138, 3, 16, 1),
(1, 137, 138, 4, 16, 1),
(1, 138, 139, 1, 9, 1),
(1, 138, 139, 2, 9, 1),
(1, 138, 139, 3, 9, 1),
(1, 138, 139, 4, 9, 1),
(1, 139, 140, 1, 30, 1),
(1, 139, 140, 2, 30, 1),
(1, 139, 140, 3, 30, 1),
(1, 139, 140, 4, 30, 1),
(1, 140, 141, 1, 97, 1),
(1, 140, 141, 2, 97, 1),
(1, 140, 141, 3, 97, 1),
(1, 140, 141, 4, 97, 1),
(1, 141, 142, 1, 231, 1),
(1, 141, 142, 2, 231, 1),
(1, 141, 142, 3, 231, 1),
(1, 141, 142, 4, 231, 1),
(1, 142, 143, 1, 14, 1),
(1, 142, 143, 2, 14, 1),
(1, 142, 143, 3, 14, 1),
(1, 142, 143, 4, 14, 1),
(1, 143, 144, 1, 35, 1),
(1, 143, 144, 2, 35, 1),
(1, 143, 144, 3, 35, 1),
(1, 143, 144, 4, 35, 1),
(1, 144, 145, 1, 194, 1),
(1, 144, 145, 2, 194, 1),
(1, 144, 145, 3, 194, 1),
(1, 144, 145, 4, 194, 1),
(1, 145, 146, 1, 11, 1),
(1, 145, 146, 2, 11, 1),
(1, 145, 146, 3, 11, 1),
(1, 145, 146, 4, 11, 1),
(1, 146, 147, 1, 29, 1),
(1, 146, 147, 2, 29, 1),
(1, 146, 147, 3, 29, 1),
(1, 146, 147, 4, 29, 1),
(1, 147, 148, 1, 51, 1),
(1, 147, 148, 2, 51, 1),
(1, 147, 148, 3, 51, 1),
(1, 147, 148, 4, 51, 1),
(1, 148, 149, 1, 348, 1),
(1, 148, 149, 2, 348, 1),
(1, 148, 149, 3, 348, 1),
(1, 148, 149, 4, 348, 1),
(1, 149, 150, 1, 69, 1),
(1, 149, 150, 2, 69, 1),
(1, 149, 150, 3, 69, 1),
(1, 149, 150, 4, 69, 1),
(1, 150, 151, 1, 129, 1),
(1, 150, 151, 2, 129, 1),
(1, 150, 151, 3, 129, 1),
(1, 150, 151, 4, 129, 1),
(1, 151, 152, 1, 35, 1),
(1, 151, 152, 2, 35, 1),
(1, 151, 152, 3, 35, 1),
(1, 151, 152, 4, 35, 1),
(1, 152, 153, 1, 28, 1),
(1, 152, 153, 2, 28, 1),
(1, 152, 153, 3, 28, 1),
(1, 152, 153, 4, 28, 1);

-- --------------------------------------------------------

--
-- Table structure for table `Landmarks`
--

CREATE TABLE IF NOT EXISTS `Landmarks` (
  `LandmarkId` int(11) NOT NULL AUTO_INCREMENT,
  `Landmark` text NOT NULL,
  `Latitude` double NOT NULL,
  `Longitude` double NOT NULL,
  `SpecificSignature` text NOT NULL,
  PRIMARY KEY (`LandmarkId`)
) ENGINE=InnoDB  DEFAULT CHARSET=latin1 AUTO_INCREMENT=154 ;

--
-- Dumping data for table `Landmarks`
--

INSERT INTO `Landmarks` (`LandmarkId`, `Landmark`, `Latitude`, `Longitude`, `SpecificSignature`) VALUES
(78, 'Turn_1+', 23.5672077, 87.28702723, ''),
(79, 'Turn_2+', 23.57223627, 87.28666043, ''),
(80, 'BusStop_1+', 23.57222277, 87.2824981, ''),
(81, 'BusStop_2+', 23.57210216, 87.27849162, ''),
(82, 'Turn_3+', 23.57160618, 87.27738998, ''),
(83, 'BusStop_3+', 23.57379589, 87.2764378, ''),
(84, 'BusStop_4+', 23.57656687, 87.27483501, ''),
(85, 'BusStop_5+', 23.5798048, 87.27355276, ''),
(86, 'Bumper_1+', 23.57978161, 87.27353048, ''),
(87, 'Turn_5+', 23.58266855, 87.27576653, ''),
(88, 'BusStop_6+', 23.5822838, 87.27611034, ''),
(89, 'Turn_6+', 23.57862184, 87.28272545, ''),
(90, 'BusStop_7+', 23.57868366, 87.28281583, ''),
(91, 'Turn_7+', 23.58019486, 87.28337067, ''),
(92, 'Turn_8+', 23.58034322, 87.28250123, ''),
(93, 'Turn_9+', 23.58258315, 87.28256116, ''),
(94, 'Turn_10+', 23.58284812, 87.28334992, ''),
(95, 'BusStop_8+', 23.58459948, 87.2835115, ''),
(96, 'Turn_11+', 23.58870006, 87.2819284, ''),
(97, 'BusStop_9+', 23.58882284, 87.28200103, ''),
(98, 'Turn_12+', 23.59092437, 87.28418283, ''),
(99, 'Turn_13+', 23.58708247, 87.28794489, ''),
(100, 'BusStop_10+', 23.58471902, 87.2875113, ''),
(101, 'BusStop_11+', 23.58330178, 87.28751673, ''),
(102, 'BusStop_12+', 23.58016478, 87.28747670999999, ''),
(103, 'Turn_14+', 23.5797935, 87.28765396, ''),
(104, 'Turn_15+', 23.57984358, 87.2916118, ''),
(105, 'BusStop_13+', 23.57915866, 87.29155513, ''),
(106, 'Turn_16+', 23.57407263, 87.29158978, ''),
(107, 'BusStop_14+', 23.57409969, 87.29947914, ''),
(108, 'Bumper_2+', 23.57405353, 87.30071247, ''),
(109, 'Bumper_3+', 23.57404319, 87.30123154, ''),
(110, 'Turn_17+', 23.57415739, 87.30268309, ''),
(111, 'Stop_111+', 23.57235629, 87.30259741, ''),
(112, 'BusStop_15+', 23.57217112, 87.30253525, ''),
(113, 'Turn_18+', 23.5680181, 87.30248633, ''),
(114, 'BusStop_16+', 23.56786238, 87.30227218, ''),
(115, 'Turn_19+', 23.56827613, 87.29897239, ''),
(116, 'BusStop_17+', 23.56822217, 87.29888382, ''),
(117, 'BusStop_18+', 23.56009151, 87.298821, ''),
(118, 'Turn_20+', 23.55138081, 87.29660413, ''),
(119, 'BusStop_19+', 23.54806197, 87.30776132, ''),
(120, 'Turn_21+', 23.54803669, 87.30790851, ''),
(121, 'Turn_22+', 23.54669309, 87.31005868, ''),
(122, 'BusStop_20+', 23.54661135, 87.30991743, ''),
(123, 'BusStop_21+', 23.54246542, 87.30681449, ''),
(124, 'Turn_23+', 23.5423138, 87.30666187, ''),
(125, 'Turn_24+', 23.54477267, 87.30212193, ''),
(126, 'BusStop_22+', 23.5446808, 87.30190566, ''),
(127, 'BusStop_23+', 23.54172707, 87.30000443, ''),
(128, 'Bumper_4+', 23.54047997, 87.299047, ''),
(129, 'Bumper_5+', 23.54024313, 87.29903555, ''),
(130, 'BusStop_24+', 23.53880362, 87.29810126, ''),
(131, 'Bumper_6+', 23.53883177, 87.29806837, ''),
(132, 'Turn_25+', 23.53760701, 87.29723153, ''),
(133, 'Bumper_7+', 23.53763861, 87.29704797, ''),
(134, 'Turn_26+', 23.53775335, 87.29680646999999, ''),
(135, 'BusStop_25+', 23.53764311, 87.29656319, ''),
(136, 'Turn_27+', 23.53614624, 87.29582458, ''),
(137, 'Bumper_8+', 23.53596824, 87.29595585, ''),
(138, 'Bumper_9+', 23.53571282, 87.29633036, ''),
(139, 'Turn_28+', 23.53544326, 87.29704367, ''),
(140, 'BusStop_26+', 23.53574079, 87.29753018, ''),
(141, 'BusStop_27+', 23.53578212, 87.2978783, ''),
(142, 'Turn_29+', 23.53558039, 87.29865176, ''),
(143, 'BusStop_28+', 23.53547849, 87.29879315, ''),
(144, 'Turn_30+', 23.53547159, 87.29879256, ''),
(145, 'Turn_31+', 23.52835916, 87.3111776, ''),
(146, 'BusStop_29+', 23.52827468, 87.31118713, ''),
(147, 'BusStop_30+', 23.52820805, 87.31110734, ''),
(148, 'BusStop_31+', 23.52712859, 87.3110125, ''),
(149, 'BusStop_32+', 23.50363581, 87.30774418, ''),
(150, 'Turn_32+', 23.50003344, 87.30611495, ''),
(151, 'Turn_33+', 23.49572378, 87.31484982, ''),
(152, 'Bumper_10+', 23.49499519, 87.31672917, ''),
(153, 'BusStop_33+', 23.49477039, 87.31711386, '');

-- --------------------------------------------------------

--
-- Table structure for table `LandmarkToRoute`
--

CREATE TABLE IF NOT EXISTS `LandmarkToRoute` (
  `LandmarkId` int(11) NOT NULL,
  `RouteId` int(11) NOT NULL,
  PRIMARY KEY (`LandmarkId`,`RouteId`)
) ENGINE=InnoDB DEFAULT CHARSET=latin1;

--
-- Dumping data for table `LandmarkToRoute`
--

INSERT INTO `LandmarkToRoute` (`LandmarkId`, `RouteId`) VALUES
(78, 1),
(79, 1),
(80, 1),
(81, 1),
(82, 1),
(83, 1),
(84, 1),
(85, 1),
(86, 1),
(87, 1),
(88, 1),
(89, 1),
(90, 1),
(91, 1),
(92, 1),
(93, 1),
(94, 1),
(95, 1),
(96, 1),
(97, 1),
(98, 1),
(99, 1),
(100, 1),
(101, 1),
(102, 1),
(103, 1),
(104, 1),
(105, 1),
(106, 1),
(107, 1),
(108, 1),
(109, 1),
(110, 1),
(111, 1),
(112, 1),
(113, 1),
(114, 1),
(115, 1),
(116, 1),
(117, 1),
(118, 1),
(119, 1),
(120, 1),
(121, 1),
(122, 1),
(123, 1),
(124, 1),
(125, 1),
(126, 1),
(127, 1),
(128, 1),
(129, 1),
(130, 1),
(131, 1),
(132, 1),
(133, 1),
(134, 1),
(135, 1),
(136, 1),
(137, 1),
(138, 1),
(139, 1),
(140, 1),
(141, 1),
(142, 1),
(143, 1),
(144, 1),
(145, 1),
(146, 1),
(147, 1),
(148, 1),
(149, 1),
(150, 1),
(151, 1),
(152, 1),
(153, 1);

-- --------------------------------------------------------

--
-- Table structure for table `Routes`
--

CREATE TABLE IF NOT EXISTS `Routes` (
  `RouteId` int(11) NOT NULL AUTO_INCREMENT,
  `RouteName` text NOT NULL,
  PRIMARY KEY (`RouteId`)
) ENGINE=InnoDB  DEFAULT CHARSET=latin1 AUTO_INCREMENT=2 ;

--
-- Dumping data for table `Routes`
--

INSERT INTO `Routes` (`RouteId`, `RouteName`) VALUES
(1, 'R1');

/*!40101 SET CHARACTER_SET_CLIENT=@OLD_CHARACTER_SET_CLIENT */;
/*!40101 SET CHARACTER_SET_RESULTS=@OLD_CHARACTER_SET_RESULTS */;
/*!40101 SET COLLATION_CONNECTION=@OLD_COLLATION_CONNECTION */;
