-- phpMyAdmin SQL Dump
-- version 4.0.10deb1
-- http://www.phpmyadmin.net
--
-- Host: localhost
-- Generation Time: Jul 06, 2015 at 04:06 PM
-- Server version: 5.5.43-0ubuntu0.14.04.1
-- PHP Version: 5.5.9-1ubuntu4.9

SET SQL_MODE = "NO_AUTO_VALUE_ON_ZERO";
SET time_zone = "+00:00";


/*!40101 SET @OLD_CHARACTER_SET_CLIENT=@@CHARACTER_SET_CLIENT */;
/*!40101 SET @OLD_CHARACTER_SET_RESULTS=@@CHARACTER_SET_RESULTS */;
/*!40101 SET @OLD_COLLATION_CONNECTION=@@COLLATION_CONNECTION */;
/*!40101 SET NAMES utf8 */;

--
-- Database: `LandmarkDetection`
--

-- --------------------------------------------------------

--
-- Table structure for table `LandmarkDetails`
--

CREATE TABLE IF NOT EXISTS `LandmarkDetails` (
  `RouteId` int(11) NOT NULL,
  `FromLandmark` int(11) NOT NULL,
  `LandmarkId` int(11) NOT NULL,
  `TimeZone` int(11) NOT NULL,
  `TimeDiff` float NOT NULL,
  `Confidence` float NOT NULL,
  PRIMARY KEY (`RouteId`,`FromLandmark`,`LandmarkId`,`TimeZone`),
  KEY `FromLandmark` (`FromLandmark`),
  KEY `LandmarkId` (`LandmarkId`)
) ENGINE=InnoDB DEFAULT CHARSET=latin1;

--
-- Dumping data for table `LandmarkDetails`
--

INSERT INTO `LandmarkDetails` (`RouteId`, `FromLandmark`, `LandmarkId`, `TimeZone`, `TimeDiff`, `Confidence`) VALUES
(1, 0, 1, 1, 1, 1),
(1, 0, 1, 2, 1, 1),
(1, 0, 1, 3, 1, 1),
(1, 0, 1, 4, 1, 1),
(1, 1, 2, 1, 34.75, 1),
(1, 1, 2, 2, 34.75, 1),
(1, 1, 2, 3, 34.75, 1),
(1, 1, 2, 4, 34.75, 1),
(1, 2, 3, 1, 42.5, 1),
(1, 2, 3, 2, 42.5, 1),
(1, 2, 3, 3, 42.5, 1),
(1, 2, 3, 4, 42.5, 1),
(1, 3, 4, 1, 30.1667, 0.5),
(1, 3, 4, 2, 30.1667, 0.5),
(1, 3, 4, 3, 30.1667, 0.5),
(1, 3, 4, 4, 30.1667, 0.5),
(1, 3, 6, 1, 40, 0.5),
(1, 3, 6, 2, 40, 0.5),
(1, 3, 6, 3, 40, 0.5),
(1, 3, 6, 4, 40, 0.5),
(1, 4, 5, 1, 35.5833, 0.25),
(1, 4, 5, 2, 35.5833, 0.25),
(1, 4, 5, 3, 35.5833, 0.25),
(1, 4, 5, 4, 35.5833, 0.25),
(1, 4, 6, 1, 13.5, 0.75),
(1, 4, 6, 2, 13.5, 0.75),
(1, 4, 6, 3, 13.5, 0.75),
(1, 4, 6, 4, 13.5, 0.75),
(1, 5, 6, 1, 44.25, 1),
(1, 5, 6, 2, 44.25, 1),
(1, 5, 6, 3, 44.25, 1),
(1, 5, 6, 4, 44.25, 1),
(1, 6, 7, 1, 37.5, 1),
(1, 6, 7, 2, 37.5, 1),
(1, 6, 7, 3, 37.5, 1),
(1, 6, 7, 4, 37.5, 1),
(1, 7, 8, 1, 38.75, 1),
(1, 7, 8, 2, 38.75, 1),
(1, 7, 8, 3, 38.75, 1),
(1, 7, 8, 4, 38.75, 1),
(1, 8, 9, 1, 49.25, 1),
(1, 8, 9, 2, 49.25, 1),
(1, 8, 9, 3, 49.25, 1),
(1, 8, 9, 4, 49.25, 1),
(1, 9, 10, 1, 9, 0.5),
(1, 9, 10, 2, 9, 0.5),
(1, 9, 10, 3, 9, 0.5),
(1, 9, 10, 4, 9, 0.5),
(1, 9, 11, 1, 12, 0.5),
(1, 9, 11, 2, 12, 0.5),
(1, 9, 11, 3, 12, 0.5),
(1, 9, 11, 4, 12, 0.5),
(1, 10, 11, 1, 40, 1),
(1, 10, 11, 2, 40, 1),
(1, 10, 11, 3, 40, 1),
(1, 10, 11, 4, 40, 1),
(1, 11, 12, 1, 12.25, 1),
(1, 11, 12, 2, 12.25, 1),
(1, 11, 12, 3, 12.25, 1),
(1, 11, 12, 4, 12.25, 1),
(1, 12, 13, 1, 205.167, 1),
(1, 12, 13, 2, 205.167, 1),
(1, 12, 13, 3, 205.167, 1),
(1, 12, 13, 4, 205.167, 1),
(1, 13, 14, 1, 9.66667, 0.5),
(1, 13, 14, 2, 9.66667, 0.5),
(1, 13, 14, 3, 9.66667, 0.5),
(1, 13, 14, 4, 9.66667, 0.5),
(1, 13, 15, 1, 30, 0.25),
(1, 13, 15, 2, 30, 0.25),
(1, 13, 15, 3, 30, 0.25),
(1, 13, 15, 4, 30, 0.25),
(1, 13, 16, 1, 60, 0.25),
(1, 13, 16, 2, 60, 0.25),
(1, 13, 16, 3, 60, 0.25),
(1, 13, 16, 4, 60, 0.25),
(1, 14, 15, 1, 15.6667, 0.75),
(1, 14, 15, 2, 15.6667, 0.75),
(1, 14, 15, 3, 15.6667, 0.75),
(1, 14, 15, 4, 15.6667, 0.75),
(1, 14, 16, 1, 16, 0.25),
(1, 14, 16, 2, 16, 0.25),
(1, 14, 16, 3, 16, 0.25),
(1, 14, 16, 4, 16, 0.25),
(1, 15, 16, 1, 33, 1),
(1, 15, 16, 2, 33, 1),
(1, 15, 16, 3, 33, 1),
(1, 15, 16, 4, 33, 1),
(1, 16, 17, 1, 9.75, 1),
(1, 16, 17, 2, 9.75, 1),
(1, 16, 17, 3, 9.75, 1),
(1, 16, 17, 4, 9.75, 1),
(1, 17, 18, 1, 21.5, 1),
(1, 17, 18, 2, 21.5, 1),
(1, 17, 18, 3, 21.5, 1),
(1, 17, 18, 4, 21.5, 1),
(1, 18, 19, 1, 15.25, 1),
(1, 18, 19, 2, 15.25, 1),
(1, 18, 19, 3, 15.25, 1),
(1, 18, 19, 4, 15.25, 1),
(1, 19, 20, 1, 17.75, 1),
(1, 19, 20, 2, 17.75, 1),
(1, 19, 20, 3, 17.75, 1),
(1, 19, 20, 4, 17.75, 1),
(1, 20, 21, 1, 62.0833, 1),
(1, 20, 21, 2, 62.0833, 1),
(1, 20, 21, 3, 62.0833, 1),
(1, 20, 21, 4, 62.0833, 1),
(1, 21, 22, 1, 32.6667, 0.75),
(1, 21, 22, 2, 32.6667, 0.75),
(1, 21, 22, 3, 32.6667, 0.75),
(1, 21, 22, 4, 32.6667, 0.75),
(1, 21, 23, 1, 60, 0.25),
(1, 21, 23, 2, 60, 0.25),
(1, 21, 23, 3, 60, 0.25),
(1, 21, 23, 4, 60, 0.25),
(1, 22, 23, 1, 31.6667, 1),
(1, 22, 23, 2, 31.6667, 1),
(1, 22, 23, 3, 31.6667, 1),
(1, 22, 23, 4, 31.6667, 1),
(1, 23, 24, 1, 34.8333, 0.75),
(1, 23, 24, 2, 34.8333, 0.75),
(1, 23, 24, 3, 34.8333, 0.75),
(1, 23, 24, 4, 34.8333, 0.75),
(1, 23, 25, 1, 70, 0.25),
(1, 23, 25, 2, 70, 0.25),
(1, 23, 25, 3, 70, 0.25),
(1, 23, 25, 4, 70, 0.25),
(1, 24, 25, 1, 36, 1),
(1, 24, 25, 2, 36, 1),
(1, 24, 25, 3, 36, 1),
(1, 24, 25, 4, 36, 1),
(1, 25, 26, 1, 29.75, 1),
(1, 25, 26, 2, 29.75, 1),
(1, 25, 26, 3, 29.75, 1),
(1, 25, 26, 4, 29.75, 1),
(1, 26, 27, 1, 28.4167, 1),
(1, 26, 27, 2, 28.4167, 1),
(1, 26, 27, 3, 28.4167, 1),
(1, 26, 27, 4, 28.4167, 1),
(1, 27, 28, 1, 32.3333, 0.75),
(1, 27, 28, 2, 32.3333, 0.75),
(1, 27, 28, 3, 32.3333, 0.75),
(1, 27, 28, 4, 32.3333, 0.75),
(1, 27, 29, 1, 15.3333, 0.25),
(1, 27, 29, 2, 15.3333, 0.25),
(1, 27, 29, 3, 15.3333, 0.25),
(1, 27, 29, 4, 15.3333, 0.25),
(1, 28, 29, 1, 15, 1),
(1, 28, 29, 2, 15, 1),
(1, 28, 29, 3, 15, 1),
(1, 28, 29, 4, 15, 1),
(1, 29, 30, 1, 35.1667, 0.75),
(1, 29, 30, 2, 35.1667, 0.75),
(1, 29, 30, 3, 35.1667, 0.75),
(1, 29, 30, 4, 35.1667, 0.75),
(1, 29, 31, 1, 75, 0.1),
(1, 29, 31, 2, 75, 0.1),
(1, 29, 31, 3, 75, 0.1),
(1, 29, 31, 4, 75, 0.1),
(1, 29, 32, 1, 86, 0.1),
(1, 29, 32, 2, 86, 0.1),
(1, 29, 32, 3, 86, 0.1),
(1, 29, 32, 4, 86, 0.1),
(1, 29, 33, 1, 121, 0.05),
(1, 29, 33, 2, 121, 0.05),
(1, 29, 33, 3, 121, 0.05),
(1, 29, 33, 4, 121, 0.05),
(1, 30, 31, 1, 41.5, 0.5),
(1, 30, 31, 2, 41.5, 0.5),
(1, 30, 31, 3, 41.5, 0.5),
(1, 30, 31, 4, 41.5, 0.5),
(1, 30, 32, 1, 50, 0.5),
(1, 30, 32, 2, 50, 0.5),
(1, 30, 32, 3, 50, 0.5),
(1, 30, 32, 4, 50, 0.5),
(1, 30, 33, 1, 81, 0.5),
(1, 30, 33, 2, 81, 0.5),
(1, 30, 33, 3, 81, 0.5),
(1, 30, 33, 4, 81, 0.5),
(1, 31, 32, 1, 8.5, 0.5),
(1, 31, 32, 2, 8.5, 0.5),
(1, 31, 32, 3, 8.5, 0.5),
(1, 31, 32, 4, 8.5, 0.5),
(1, 31, 33, 1, 41, 0.5),
(1, 31, 33, 2, 41, 0.5),
(1, 31, 33, 3, 41, 0.5),
(1, 31, 33, 4, 41, 0.5),
(1, 32, 33, 1, 32.5, 1),
(1, 32, 33, 2, 32.5, 1),
(1, 32, 33, 3, 32.5, 1),
(1, 32, 33, 4, 32.5, 1),
(1, 33, 34, 1, 10.25, 1),
(1, 33, 34, 2, 10.25, 1),
(1, 33, 34, 3, 10.25, 1),
(1, 33, 34, 4, 10.25, 1),
(1, 34, 35, 1, 74, 0.75),
(1, 34, 35, 2, 74, 0.75),
(1, 34, 35, 3, 74, 0.75),
(1, 34, 35, 4, 74, 0.75),
(1, 34, 36, 1, 92, 0.125),
(1, 34, 36, 2, 92, 0.125),
(1, 34, 36, 3, 92, 0.125),
(1, 34, 36, 4, 92, 0.125),
(1, 34, 37, 1, 174, 0.125),
(1, 34, 37, 2, 174, 0.125),
(1, 34, 37, 3, 174, 0.125),
(1, 34, 37, 4, 174, 0.125),
(1, 35, 36, 1, 21.5, 0.5),
(1, 35, 36, 2, 21.5, 0.5),
(1, 35, 36, 3, 21.5, 0.5),
(1, 35, 36, 4, 21.5, 0.5),
(1, 35, 37, 1, 100, 0.5),
(1, 35, 37, 2, 100, 0.5),
(1, 35, 37, 3, 100, 0.5),
(1, 35, 37, 4, 100, 0.5),
(1, 36, 37, 1, 83.75, 1),
(1, 36, 37, 2, 83.75, 1),
(1, 36, 37, 3, 83.75, 1),
(1, 36, 37, 4, 83.75, 1),
(1, 37, 38, 1, 99.25, 1),
(1, 37, 38, 2, 99.25, 1),
(1, 37, 38, 3, 99.25, 1),
(1, 37, 38, 4, 99.25, 1),
(1, 38, 39, 1, 11.5, 1),
(1, 38, 39, 2, 11.5, 1),
(1, 38, 39, 3, 11.5, 1),
(1, 38, 39, 4, 11.5, 1),
(1, 39, 40, 1, 17.75, 1),
(1, 39, 40, 2, 17.75, 1),
(1, 39, 40, 3, 17.75, 1),
(1, 39, 40, 4, 17.75, 1),
(1, 40, 41, 1, 39.25, 1),
(1, 40, 41, 2, 39.25, 1),
(1, 40, 41, 3, 39.25, 1),
(1, 40, 41, 4, 39.25, 1),
(1, 41, 42, 1, 193.75, 1),
(1, 41, 42, 2, 193.75, 1),
(1, 41, 42, 3, 193.75, 1),
(1, 41, 42, 4, 193.75, 1),
(1, 42, 43, 1, 50.25, 1),
(1, 42, 43, 2, 50.25, 1),
(1, 42, 43, 3, 50.25, 1),
(1, 42, 43, 4, 50.25, 1),
(1, 43, 44, 1, 10, 1),
(1, 43, 44, 2, 10, 1),
(1, 43, 44, 3, 10, 1),
(1, 43, 44, 4, 10, 1),
(1, 44, 45, 1, 96.25, 1),
(1, 44, 45, 2, 96.25, 1),
(1, 44, 45, 3, 96.25, 1),
(1, 44, 45, 4, 96.25, 1),
(1, 45, 46, 1, 65.4167, 1),
(1, 45, 46, 2, 65.4167, 1),
(1, 45, 46, 3, 65.4167, 1),
(1, 45, 46, 4, 65.4167, 1),
(1, 46, 47, 1, 120, 0.75),
(1, 46, 47, 2, 120, 0.75),
(1, 46, 47, 3, 120, 0.75),
(1, 46, 47, 4, 120, 0.75),
(1, 46, 48, 1, 129, 0.125),
(1, 46, 48, 2, 129, 0.125),
(1, 46, 48, 3, 129, 0.125),
(1, 46, 48, 4, 129, 0.125),
(1, 46, 49, 1, 202, 0.125),
(1, 46, 49, 2, 202, 0.125),
(1, 46, 49, 3, 202, 0.125),
(1, 46, 49, 4, 202, 0.125),
(1, 47, 48, 1, 9.83333, 0.75),
(1, 47, 48, 2, 9.83333, 0.75),
(1, 47, 48, 3, 9.83333, 0.75),
(1, 47, 48, 4, 9.83333, 0.75),
(1, 47, 49, 1, 85, 0.25),
(1, 47, 49, 2, 85, 0.25),
(1, 47, 49, 3, 85, 0.25),
(1, 47, 49, 4, 85, 0.25),
(1, 48, 49, 1, 78.75, 1),
(1, 48, 49, 2, 78.75, 1),
(1, 48, 49, 3, 78.75, 1),
(1, 48, 49, 4, 78.75, 1),
(1, 49, 50, 1, 87, 1),
(1, 49, 50, 2, 87, 1),
(1, 49, 50, 3, 87, 1),
(1, 49, 50, 4, 87, 1),
(1, 50, 51, 1, 10.5, 1),
(1, 50, 51, 2, 10.5, 1),
(1, 50, 51, 3, 10.5, 1),
(1, 50, 51, 4, 10.5, 1),
(1, 51, 52, 1, 126.25, 1),
(1, 51, 52, 2, 126.25, 1),
(1, 51, 52, 3, 126.25, 1),
(1, 51, 52, 4, 126.25, 1),
(1, 52, 53, 1, 76.75, 1),
(1, 52, 53, 2, 76.75, 1),
(1, 52, 53, 3, 76.75, 1),
(1, 52, 53, 4, 76.75, 1),
(1, 53, 54, 1, 21, 0.75),
(1, 53, 54, 2, 21, 0.75),
(1, 53, 54, 3, 21, 0.75),
(1, 53, 54, 4, 21, 0.75),
(1, 53, 55, 1, 81, 0.25),
(1, 53, 55, 2, 81, 0.25),
(1, 53, 55, 3, 81, 0.25),
(1, 53, 55, 4, 81, 0.25),
(1, 54, 56, 1, 60.75, 1),
(1, 54, 56, 2, 60.75, 1),
(1, 54, 56, 3, 60.75, 1),
(1, 54, 56, 4, 60.75, 1),
(1, 55, 56, 1, 8, 1),
(1, 55, 56, 2, 8, 1),
(1, 55, 56, 3, 8, 1),
(1, 55, 56, 4, 8, 1),
(1, 56, 57, 1, 49, 1),
(1, 56, 57, 2, 49, 1),
(1, 56, 57, 3, 49, 1),
(1, 56, 57, 4, 49, 1),
(1, 57, 58, 1, 127.5, 1),
(1, 57, 58, 2, 127.5, 1),
(1, 57, 58, 3, 127.5, 1),
(1, 57, 58, 4, 127.5, 1),
(1, 58, 59, 1, 22, 0.5),
(1, 58, 59, 2, 22, 0.5),
(1, 58, 59, 3, 22, 0.5),
(1, 58, 59, 4, 22, 0.5),
(1, 58, 60, 1, 50, 0.25),
(1, 58, 60, 2, 50, 0.25),
(1, 58, 60, 3, 50, 0.25),
(1, 58, 60, 4, 50, 0.25),
(1, 58, 61, 1, 59, 0.25),
(1, 58, 61, 2, 59, 0.25),
(1, 58, 61, 3, 59, 0.25),
(1, 58, 61, 4, 59, 0.25),
(1, 59, 60, 1, 30, 0.5),
(1, 59, 60, 2, 30, 0.5),
(1, 59, 60, 3, 30, 0.5),
(1, 59, 60, 4, 30, 0.5),
(1, 59, 61, 1, 39, 0.5),
(1, 59, 61, 2, 39, 0.5),
(1, 59, 61, 3, 39, 0.5),
(1, 59, 61, 4, 39, 0.5),
(1, 60, 61, 1, 9, 1),
(1, 60, 61, 2, 9, 1),
(1, 60, 61, 3, 9, 1),
(1, 60, 61, 4, 9, 1),
(1, 61, 62, 1, 31.75, 1),
(1, 61, 62, 2, 31.75, 1),
(1, 61, 62, 3, 31.75, 1),
(1, 61, 62, 4, 31.75, 1),
(1, 62, 63, 1, 14, 1),
(1, 62, 63, 2, 14, 1),
(1, 62, 63, 3, 14, 1),
(1, 62, 63, 4, 14, 1),
(1, 63, 64, 1, 137.75, 1),
(1, 63, 64, 2, 137.75, 1),
(1, 63, 64, 3, 137.75, 1),
(1, 63, 64, 4, 137.75, 1),
(1, 64, 65, 1, 41, 0.5),
(1, 64, 65, 2, 41, 0.5),
(1, 64, 65, 3, 41, 0.5),
(1, 64, 65, 4, 41, 0.5),
(1, 64, 66, 1, 44, 0.5),
(1, 64, 66, 2, 44, 0.5),
(1, 64, 66, 3, 44, 0.5),
(1, 64, 66, 4, 44, 0.5),
(1, 65, 66, 1, 3, 1),
(1, 65, 66, 2, 3, 1),
(1, 65, 66, 3, 3, 1),
(1, 65, 66, 4, 3, 1),
(1, 66, 67, 1, 4.25, 1),
(1, 66, 67, 2, 4.25, 1),
(1, 66, 67, 3, 4.25, 1),
(1, 66, 67, 4, 4.25, 1),
(1, 67, 68, 1, 8.75, 1),
(1, 67, 68, 2, 8.75, 1),
(1, 67, 68, 3, 8.75, 1),
(1, 67, 68, 4, 8.75, 1),
(1, 68, 69, 1, 41.75, 1),
(1, 68, 69, 2, 41.75, 1),
(1, 68, 69, 3, 41.75, 1),
(1, 68, 69, 4, 41.75, 1),
(1, 69, 70, 1, 15, 1),
(1, 69, 70, 2, 15, 1),
(1, 69, 70, 3, 15, 1),
(1, 69, 70, 4, 15, 1),
(1, 70, 71, 1, 59.3333, 1),
(1, 70, 71, 2, 59.3333, 1),
(1, 70, 71, 3, 59.3333, 1),
(1, 70, 71, 4, 59.3333, 1),
(1, 71, 72, 1, 7.66667, 0.75),
(1, 71, 72, 2, 7.66667, 0.75),
(1, 71, 72, 3, 7.66667, 0.75),
(1, 71, 72, 4, 7.66667, 0.75),
(1, 71, 73, 1, 26, 0.25),
(1, 71, 73, 2, 26, 0.25),
(1, 71, 73, 3, 26, 0.25),
(1, 71, 73, 4, 26, 0.25),
(1, 72, 73, 1, 20.25, 1),
(1, 72, 73, 2, 20.25, 1),
(1, 72, 73, 3, 20.25, 1),
(1, 72, 73, 4, 20.25, 1),
(1, 73, 74, 1, 80.25, 1),
(1, 73, 74, 2, 80.25, 1),
(1, 73, 74, 3, 80.25, 1),
(1, 73, 74, 4, 80.25, 1),
(1, 74, 75, 1, 159, 1),
(1, 74, 75, 2, 159, 1),
(1, 74, 75, 3, 159, 1),
(1, 74, 75, 4, 159, 1),
(1, 75, 76, 1, 47.75, 1),
(1, 75, 76, 2, 47.75, 1),
(1, 75, 76, 3, 47.75, 1),
(1, 75, 76, 4, 47.75, 1),
(1, 76, 77, 1, 33, 0.5),
(1, 76, 77, 2, 33, 0.5),
(1, 76, 77, 3, 33, 0.5),
(1, 76, 77, 4, 33, 0.5),
(1, 76, 78, 1, 100, 0.5),
(1, 76, 78, 2, 100, 0.5),
(1, 76, 78, 3, 100, 0.5),
(1, 76, 78, 4, 100, 0.5),
(1, 77, 78, 1, 70.25, 1),
(1, 77, 78, 2, 70.25, 1),
(1, 77, 78, 3, 70.25, 1),
(1, 77, 78, 4, 70.25, 1),
(1, 78, 79, 1, 114, 0.75),
(1, 78, 79, 2, 114, 0.75),
(1, 78, 79, 3, 114, 0.75),
(1, 78, 79, 4, 114, 0.75),
(1, 78, 80, 1, 125, 0.125),
(1, 78, 80, 2, 125, 0.125),
(1, 78, 80, 3, 125, 0.125),
(1, 78, 80, 4, 125, 0.125),
(1, 78, 81, 1, 133, 0.125),
(1, 78, 81, 2, 133, 0.125),
(1, 78, 81, 3, 133, 0.125),
(1, 78, 81, 4, 133, 0.125),
(1, 79, 80, 1, 13, 0.5),
(1, 79, 80, 2, 13, 0.5),
(1, 79, 80, 3, 13, 0.5),
(1, 79, 80, 4, 13, 0.5),
(1, 79, 81, 1, 21, 0.5),
(1, 79, 81, 2, 21, 0.5),
(1, 79, 81, 3, 21, 0.5),
(1, 79, 81, 4, 21, 0.5),
(1, 80, 81, 1, 9.75, 1),
(1, 80, 81, 2, 9.75, 1),
(1, 80, 81, 3, 9.75, 1),
(1, 80, 81, 4, 9.75, 1),
(1, 81, 82, 1, 34.5, 1),
(1, 81, 82, 2, 34.5, 1),
(1, 81, 82, 3, 34.5, 1),
(1, 81, 82, 4, 34.5, 1),
(1, 82, 83, 1, 133.75, 1),
(1, 82, 83, 2, 133.75, 1),
(1, 82, 83, 3, 133.75, 1),
(1, 82, 83, 4, 133.75, 1),
(1, 83, 84, 1, 216.25, 1),
(1, 83, 84, 2, 216.25, 1),
(1, 83, 84, 3, 216.25, 1),
(1, 83, 84, 4, 216.25, 1),
(1, 84, 85, 1, 63.75, 1),
(1, 84, 85, 2, 63.75, 1),
(1, 84, 85, 3, 63.75, 1),
(1, 84, 85, 4, 63.75, 1),
(1, 85, 86, 1, 60.5, 1),
(1, 85, 86, 2, 60.5, 1),
(1, 85, 86, 3, 60.5, 1),
(1, 85, 86, 4, 60.5, 1),
(1, 86, 87, 1, 109, 0.5),
(1, 86, 87, 2, 109, 0.5),
(1, 86, 87, 3, 109, 0.5),
(1, 86, 87, 4, 109, 0.5),
(1, 86, 88, 1, 170, 0.5),
(1, 86, 88, 2, 170, 0.5),
(1, 86, 88, 3, 170, 0.5),
(1, 86, 88, 4, 170, 0.5),
(1, 87, 88, 1, 68, 1),
(1, 87, 88, 2, 68, 1),
(1, 87, 88, 3, 68, 1),
(1, 87, 88, 4, 68, 1),
(1, 88, 89, 1, 29, 1),
(1, 88, 89, 2, 29, 1),
(1, 88, 89, 3, 29, 1),
(1, 88, 89, 4, 29, 1);

-- --------------------------------------------------------

--
-- Table structure for table `Landmarks`
--

CREATE TABLE IF NOT EXISTS `Landmarks` (
  `LandmarkId` int(11) NOT NULL AUTO_INCREMENT,
  `Landmark` text NOT NULL,
  `Latitude` double NOT NULL,
  `Longitude` double NOT NULL,
  `SpecificSignature` text NOT NULL,
  PRIMARY KEY (`LandmarkId`)
) ENGINE=InnoDB  DEFAULT CHARSET=latin1 AUTO_INCREMENT=154 ;

--
-- Dumping data for table `Landmarks`
--

INSERT INTO `Landmarks` (`LandmarkId`, `Landmark`, `Latitude`, `Longitude`, `SpecificSignature`) VALUES
(1, 'BusStop_0+', 23.56535433, 87.28376627, ''),
(2, 'Turn_1+', 23.56712838, 87.28676237, ''),
(3, 'Turn_2+', 23.57186017, 87.28685346, ''),
(4, 'BusStop_2+', 23.57226239, 87.28396408, ''),
(5, 'BusStop_222+', 23.57210414, 87.27849565, ''),
(6, 'Turn_3+', 23.57164518, 87.27766949, ''),
(7, 'BusStop_3+', 23.57384509, 87.27642634, ''),
(8, 'BusStop_4+', 23.57539868, 87.27558988, ''),
(9, 'BusStop_5+', 23.57663845, 87.27483388, ''),
(10, 'BusStop_6+', 23.57959882, 87.27348679, ''),
(11, 'Bumper_1+', 23.57975068, 87.27353474, ''),
(12, 'Turn_4+', 23.58245372, 87.27562851, ''),
(13, 'BusStop_7+', 23.58233974, 87.2760132, ''),
(14, 'BusStop_8+', 23.5802014, 87.27969312, ''),
(15, 'BusStop_9+', 23.57963647, 87.28070942, ''),
(16, 'Turn_5+', 23.57858708, 87.28260533, ''),
(17, 'Turn_6+', 23.58012562, 87.28341067, ''),
(18, 'Turn_7+', 23.58025889, 87.28274299, ''),
(19, 'Turn_8+', 23.58230941, 87.28250348, ''),
(20, 'Turn_9+', 23.58287129, 87.28339201, ''),
(21, 'BusStop_10+', 23.58288538, 87.28357737, ''),
(22, 'BusStop_11+', 23.58709486, 87.2835577, ''),
(23, 'Turn_10+', 23.58854301, 87.2820371, ''),
(24, 'BusStop_12+', 23.58884641, 87.2819983, ''),
(25, 'Turn_11+', 23.59081781, 87.28398196, ''),
(26, 'BusStop_13+', 23.59065679, 87.28456969, ''),
(27, 'BusStop_14+', 23.59045995, 87.28476401, ''),
(28, 'BusStop_15+', 23.58894202, 87.28626913, ''),
(29, 'Turn_12+', 23.58724699, 87.28794859, ''),
(30, 'BusStop_16+', 23.58635491, 87.28765812, ''),
(31, 'BusStop_17+', 23.58312676, 87.28752958, ''),
(32, 'BusStop_18+', 23.58007991, 87.28750356, ''),
(33, 'Turn_13+', 23.57980638, 87.28757337, ''),
(34, 'Turn_14+', 23.57982274, 87.29150795, ''),
(35, 'BusStop_19+', 23.57937706, 87.29159659, ''),
(36, 'BusStop_20+', 23.57498348, 87.29154282, ''),
(37, 'Turn_15+', 23.57414505, 87.29142421, ''),
(38, 'BusStop_21+', 23.57412876, 87.29928911, ''),
(39, 'Bumper_2+', 23.57404346, 87.30068126, ''),
(40, 'Bumper_3+', 23.5740157, 87.30120854, ''),
(41, 'Turn_16+', 23.57420277, 87.30244361, ''),
(42, 'BusStop_22+', 23.5722218, 87.30263879, ''),
(43, 'Turn_17+', 23.56810845, 87.30254681, ''),
(44, 'Turn_18+', 23.56829287, 87.29910497, ''),
(45, 'BusStop_23+', 23.56820241, 87.29888777, ''),
(46, 'BusStop_24+', 23.55982031, 87.29873888, ''),
(47, 'BusStop_25+', 23.55931663, 87.29875863, ''),
(48, 'BusStop_26+', 23.55195838, 87.29683851, ''),
(49, 'Turn_19+', 23.55160691, 87.29652965, ''),
(50, 'BusStop_27+', 23.54840192, 87.30145103, ''),
(51, 'Turn_20+', 23.54683304, 87.30984282, ''),
(52, 'BusStop_28+', 23.54659546, 87.30981909, ''),
(53, 'BusStop_29+', 23.54431076, 87.30825538, ''),
(54, 'BusStop_30+', 23.54236369, 87.30692509, ''),
(55, 'Turn_21+', 23.5423029, 87.30681544, ''),
(56, 'Turn_22+', 23.54469808, 87.30229172, ''),
(57, 'BusStop_31+', 23.54465205, 87.30211071, ''),
(58, 'BusStop_32+', 23.54337356, 87.30126013, ''),
(59, 'BusStop_33+', 23.54274966, 87.30081499, ''),
(60, 'BusStop_34+', 23.54184805, 87.30019474, ''),
(61, 'Bumper_4+', 23.54063248, 87.29935342, ''),
(62, 'Bumper_5+', 23.54039158, 87.29922487, ''),
(63, 'BusStop_35+', 23.53889525, 87.29826042, ''),
(64, 'Bumper_6+', 23.53897062, 87.29820195, ''),
(65, 'BusStop_36+', 23.53836683, 87.29787185, ''),
(66, 'Turn_23+', 23.53768766, 87.29733733, ''),
(67, 'Bumper_7+', 23.53768237, 87.29726965, ''),
(68, 'Turn_24+', 23.53770993, 87.29709344, ''),
(69, 'BusStop_37+', 23.53757434, 87.2967334, ''),
(70, 'Turn_25+', 23.53598363, 87.29583878, ''),
(71, 'Bumper_8+', 23.53588773, 87.29591652, ''),
(72, 'Bumper_9+', 23.53559717, 87.29646294, ''),
(73, 'Turn_26+', 23.53547868, 87.29686589, ''),
(74, 'BusStop_38+', 23.53551565, 87.29735193, ''),
(75, 'BusStop_39+', 23.53571698, 87.29795581, ''),
(76, 'Turn_27+', 23.53551796, 87.29851075, ''),
(77, 'BusStop_2+', 23.53547133, 87.29874399, ''),
(78, 'Turn_28+', 23.53533336, 87.29866374, ''),
(79, 'BusStop_40+', 23.53336231, 87.30655908, ''),
(80, 'BusStop_41+', 23.52882562, 87.31040986, ''),
(81, 'Turn_29+', 23.52844956, 87.31100556, ''),
(82, 'BusStop_42+', 23.52816135, 87.31117962, ''),
(83, 'BusStop_43+', 23.52718275, 87.31121218, ''),
(84, 'BusStop_44+', 23.51114882, 87.31064827, ''),
(85, 'BusStop_45+', 23.50344458, 87.30768983, ''),
(86, 'Turn_30+', 23.50045784, 87.30601306, ''),
(87, 'BusStop_46+', 23.49646588, 87.31357004, ''),
(88, 'Bumper_11+', 23.49496486, 87.31674974, ''),
(89, 'BusStop_47+', 23.4946887, 87.31711062, '');

-- --------------------------------------------------------

--
-- Table structure for table `LandmarkToRoute`
--

CREATE TABLE IF NOT EXISTS `LandmarkToRoute` (
  `LandmarkId` int(11) NOT NULL,
  `RouteId` int(11) NOT NULL,
  PRIMARY KEY (`LandmarkId`,`RouteId`)
) ENGINE=InnoDB DEFAULT CHARSET=latin1;

--
-- Dumping data for table `LandmarkToRoute`
--

INSERT INTO `LandmarkToRoute` (`LandmarkId`, `RouteId`) VALUES
(1, 1),
(2, 1),
(3, 1),
(4, 1),
(5, 1),
(6, 1),
(7, 1),
(8, 1),
(9, 1),
(10, 1),
(11, 1),
(12, 1),
(13, 1),
(14, 1),
(15, 1),
(16, 1),
(17, 1),
(18, 1),
(19, 1),
(20, 1),
(21, 1),
(22, 1),
(23, 1),
(24, 1),
(25, 1),
(26, 1),
(27, 1),
(28, 1),
(29, 1),
(30, 1),
(31, 1),
(32, 1),
(33, 1),
(34, 1),
(35, 1),
(36, 1),
(37, 1),
(38, 1),
(39, 1),
(40, 1),
(41, 1),
(42, 1),
(43, 1),
(44, 1),
(45, 1),
(46, 1),
(47, 1),
(48, 1),
(49, 1),
(50, 1),
(51, 1),
(52, 1),
(53, 1),
(54, 1),
(55, 1),
(56, 1),
(57, 1),
(58, 1),
(59, 1),
(60, 1),
(61, 1),
(62, 1),
(63, 1),
(64, 1),
(65, 1),
(66, 1),
(67, 1),
(68, 1),
(69, 1),
(70, 1),
(71, 1),
(72, 1),
(73, 1),
(74, 1),
(75, 1),
(76, 1),
(77, 1),
(78, 1),
(79, 1),
(80, 1),
(81, 1),
(82, 1),
(83, 1),
(84, 1),
(85, 1),
(86, 1),
(87, 1),
(88, 1),
(89, 1);

-- --------------------------------------------------------

--
-- Table structure for table `Routes`
--

CREATE TABLE IF NOT EXISTS `Routes` (
  `RouteId` int(11) NOT NULL AUTO_INCREMENT,
  `RouteName` text NOT NULL,
  PRIMARY KEY (`RouteId`)
) ENGINE=InnoDB  DEFAULT CHARSET=latin1 AUTO_INCREMENT=2 ;

--
-- Dumping data for table `Routes`
--

INSERT INTO `Routes` (`RouteId`, `RouteName`) VALUES
(1, 'R1');

/*!40101 SET CHARACTER_SET_CLIENT=@OLD_CHARACTER_SET_CLIENT */;
/*!40101 SET CHARACTER_SET_RESULTS=@OLD_CHARACTER_SET_RESULTS */;
/*!40101 SET COLLATION_CONNECTION=@OLD_COLLATION_CONNECTION */;
