-- phpMyAdmin SQL Dump
-- version 4.0.10deb1
-- http://www.phpmyadmin.net
--
-- Host: localhost
-- Generation Time: Jun 29, 2015 at 04:05 PM
-- Server version: 5.5.43-0ubuntu0.14.04.1
-- PHP Version: 5.5.9-1ubuntu4.9

SET SQL_MODE = "NO_AUTO_VALUE_ON_ZERO";
SET time_zone = "+00:00";


/*!40101 SET @OLD_CHARACTER_SET_CLIENT=@@CHARACTER_SET_CLIENT */;
/*!40101 SET @OLD_CHARACTER_SET_RESULTS=@@CHARACTER_SET_RESULTS */;
/*!40101 SET @OLD_COLLATION_CONNECTION=@@COLLATION_CONNECTION */;
/*!40101 SET NAMES utf8 */;

--
-- Database: `LM2`
--

-- --------------------------------------------------------

--
-- Table structure for table `LandmarkDetails`
--

CREATE TABLE IF NOT EXISTS `LandmarkDetails` (
  `RouteId` int(1) DEFAULT NULL,
  `FromLandmark` int(2) DEFAULT NULL,
  `LandmarkId` int(2) DEFAULT NULL,
  `Timezone` int(1) DEFAULT NULL,
  `TimeDiff` float DEFAULT NULL,
  `Confidence` float DEFAULT NULL
) ENGINE=InnoDB DEFAULT CHARSET=utf8;

--
-- Dumping data for table `LandmarkDetails`
--

INSERT INTO `LandmarkDetails` (`RouteId`, `FromLandmark`, `LandmarkId`, `Timezone`, `TimeDiff`, `Confidence`) VALUES
(1, 0, 1, 1, 0, 1),
(1, 0, 1, 2, 0, 1),
(1, 0, 1, 3, 0, 1),
(1, 0, 1, 4, 0, 1),
(1, 1, 2, 1, 86, 1),
(1, 1, 2, 2, 86, 1),
(1, 1, 2, 3, 86, 1),
(1, 1, 2, 4, 86, 1),
(1, 2, 3, 1, 31, 1),
(1, 2, 3, 2, 31, 1),
(1, 2, 3, 3, 31, 1),
(1, 2, 3, 4, 31, 1),
(1, 3, 4, 1, 13, 1),
(1, 3, 4, 2, 13, 1),
(1, 3, 4, 3, 13, 1),
(1, 3, 4, 4, 13, 1),
(1, 4, 5, 1, 6, 1),
(1, 4, 5, 2, 6, 1),
(1, 4, 5, 3, 6, 1),
(1, 4, 5, 4, 6, 1),
(1, 5, 6, 1, 15, 1),
(1, 5, 6, 2, 15, 1),
(1, 5, 6, 3, 15, 1),
(1, 5, 6, 4, 15, 1),
(1, 6, 7, 1, 5, 1),
(1, 6, 7, 2, 5, 1),
(1, 6, 7, 3, 5, 1),
(1, 6, 7, 4, 5, 1),
(1, 7, 8, 1, 36, 1),
(1, 7, 8, 2, 36, 1),
(1, 7, 8, 3, 36, 1),
(1, 7, 8, 4, 36, 1),
(1, 8, 9, 1, 59, 0.67),
(1, 8, 10, 1, 65, 0.33),
(1, 8, 9, 2, 59, 0.67),
(1, 8, 10, 2, 65, 0.33),
(1, 8, 9, 3, 59, 0.67),
(1, 8, 10, 3, 65, 0.33),
(1, 8, 9, 4, 59, 0.67),
(1, 8, 10, 4, 65, 0.33),
(1, 9, 10, 1, 6, 1),
(1, 9, 10, 2, 6, 1),
(1, 9, 10, 3, 6, 1),
(1, 9, 10, 4, 6, 1),
(1, 10, 11, 1, 1, 1),
(1, 10, 11, 2, 1, 1),
(1, 10, 11, 3, 1, 1),
(1, 10, 11, 4, 1, 1),
(1, 11, 12, 1, 77, 1),
(1, 11, 12, 2, 77, 1),
(1, 11, 12, 3, 77, 1),
(1, 11, 12, 4, 77, 1),
(1, 12, 13, 1, 5, 1),
(1, 12, 13, 2, 5, 1),
(1, 12, 13, 3, 5, 1),
(1, 12, 13, 4, 5, 1),
(1, 13, 14, 1, 50, 1),
(1, 13, 14, 2, 50, 1),
(1, 13, 14, 3, 50, 1),
(1, 13, 14, 4, 50, 1),
(1, 14, 15, 1, 39, 1),
(1, 14, 15, 2, 39, 1),
(1, 14, 15, 3, 39, 1),
(1, 14, 15, 4, 39, 1),
(1, 15, 16, 1, 11, 1),
(1, 15, 16, 2, 11, 1),
(1, 15, 16, 3, 11, 1),
(1, 15, 16, 4, 11, 1),
(1, 16, 17, 1, 163, 1),
(1, 16, 17, 2, 163, 1),
(1, 16, 17, 3, 163, 1),
(1, 16, 17, 4, 163, 1),
(1, 17, 18, 1, 88, 1),
(1, 17, 18, 2, 88, 1),
(1, 17, 18, 3, 88, 1),
(1, 17, 18, 4, 88, 1),
(1, 18, 19, 1, 11, 1),
(1, 18, 19, 2, 11, 1),
(1, 18, 19, 3, 11, 1),
(1, 18, 19, 4, 11, 1),
(1, 19, 20, 1, 30, 1),
(1, 19, 20, 2, 30, 1),
(1, 19, 20, 3, 30, 1),
(1, 19, 20, 4, 30, 1),
(1, 20, 21, 1, 14, 1),
(1, 20, 21, 2, 14, 1),
(1, 20, 21, 3, 14, 1),
(1, 20, 21, 4, 14, 1),
(1, 21, 22, 1, 23, 1),
(1, 21, 22, 2, 23, 1),
(1, 21, 22, 3, 23, 1),
(1, 21, 22, 4, 23, 1),
(1, 22, 23, 1, 78, 1),
(1, 22, 23, 2, 78, 1),
(1, 22, 23, 3, 78, 1),
(1, 22, 23, 4, 78, 1),
(1, 23, 24, 1, 53, 1),
(1, 23, 24, 2, 53, 1),
(1, 23, 24, 3, 53, 1),
(1, 23, 24, 4, 53, 1),
(1, 24, 25, 1, 29, 1),
(1, 24, 25, 2, 29, 1),
(1, 24, 25, 3, 29, 1),
(1, 24, 25, 4, 29, 1),
(1, 25, 26, 1, 46, 1),
(1, 25, 26, 2, 46, 1),
(1, 25, 26, 3, 46, 1),
(1, 25, 26, 4, 46, 1),
(1, 26, 27, 1, 15, 0.33),
(1, 26, 28, 1, 113, 0.67),
(1, 26, 27, 2, 15, 0.33),
(1, 26, 28, 2, 113, 0.67),
(1, 26, 27, 3, 15, 0.33),
(1, 26, 28, 3, 113, 0.67),
(1, 26, 27, 4, 15, 0.33),
(1, 26, 28, 4, 113, 0.67),
(1, 27, 28, 1, 98, 1),
(1, 27, 28, 2, 98, 1),
(1, 27, 28, 3, 98, 1),
(1, 27, 28, 4, 98, 1),
(1, 28, 29, 1, 43, 1),
(1, 28, 29, 2, 43, 1),
(1, 28, 29, 3, 43, 1),
(1, 28, 29, 4, 43, 1),
(1, 29, 30, 1, 7, 1),
(1, 29, 30, 2, 7, 1),
(1, 29, 30, 3, 7, 1),
(1, 29, 30, 4, 7, 1),
(1, 30, 31, 1, 55, 1),
(1, 30, 31, 2, 55, 1),
(1, 30, 31, 3, 55, 1),
(1, 30, 31, 4, 55, 1),
(1, 31, 32, 1, 31, 1),
(1, 31, 32, 2, 31, 1),
(1, 31, 32, 3, 31, 1),
(1, 31, 32, 4, 31, 1),
(1, 32, 33, 1, 3, 1),
(1, 32, 33, 2, 3, 1),
(1, 32, 33, 3, 3, 1),
(1, 32, 33, 4, 3, 1),
(1, 33, 34, 1, 46, 1),
(1, 33, 34, 2, 46, 1),
(1, 33, 34, 3, 46, 1),
(1, 33, 34, 4, 46, 1),
(1, 34, 35, 1, 47, 1),
(1, 34, 35, 2, 47, 1),
(1, 34, 35, 3, 47, 1),
(1, 34, 35, 4, 47, 1),
(1, 35, 36, 1, 106, 1),
(1, 35, 36, 2, 106, 1),
(1, 35, 36, 3, 106, 1),
(1, 35, 36, 4, 106, 1),
(1, 36, 37, 1, 11, 1),
(1, 36, 37, 2, 11, 1),
(1, 36, 37, 3, 11, 1),
(1, 36, 37, 4, 11, 1),
(1, 37, 38, 1, 29, 1),
(1, 37, 38, 2, 29, 1),
(1, 37, 38, 3, 29, 1),
(1, 37, 38, 4, 29, 1),
(1, 38, 39, 1, 7, 1),
(1, 38, 39, 2, 7, 1),
(1, 38, 39, 3, 7, 1),
(1, 38, 39, 4, 7, 1),
(1, 39, 40, 1, 5, 0.42),
(1, 39, 41, 1, 11, 0.58),
(1, 39, 40, 2, 5, 0.42),
(1, 39, 41, 2, 11, 0.58),
(1, 39, 40, 3, 5, 0.42),
(1, 39, 41, 3, 11, 0.58),
(1, 39, 40, 4, 5, 0.42),
(1, 39, 41, 4, 11, 0.58),
(1, 40, 41, 1, 6, 1),
(1, 40, 41, 2, 6, 1),
(1, 40, 41, 3, 6, 1),
(1, 40, 41, 4, 6, 1),
(1, 41, 42, 1, 46, 1),
(1, 41, 42, 2, 46, 1),
(1, 41, 42, 3, 46, 1),
(1, 41, 42, 4, 46, 1),
(1, 42, 43, 1, 163, 1),
(1, 42, 43, 2, 163, 1),
(1, 42, 43, 3, 163, 1),
(1, 42, 43, 4, 163, 1),
(1, 43, 44, 1, 50, 1),
(1, 43, 44, 2, 50, 1),
(1, 43, 44, 3, 50, 1),
(1, 43, 44, 4, 50, 1),
(1, 44, 45, 1, 27, 1),
(1, 44, 45, 2, 27, 1),
(1, 44, 45, 3, 27, 1),
(1, 44, 45, 4, 27, 1),
(1, 45, 46, 1, 62, 1),
(1, 45, 46, 2, 62, 1),
(1, 45, 46, 3, 62, 1),
(1, 45, 46, 4, 62, 1),
(1, 46, 47, 1, 42, 1),
(1, 46, 47, 2, 42, 1),
(1, 46, 47, 3, 42, 1),
(1, 46, 47, 4, 42, 1),
(1, 47, 48, 1, 70, 1),
(1, 47, 48, 2, 70, 1),
(1, 47, 48, 3, 70, 1),
(1, 47, 48, 4, 70, 1),
(1, 48, 49, 1, 122, 1),
(1, 48, 49, 2, 122, 1),
(1, 48, 49, 3, 122, 1),
(1, 48, 49, 4, 122, 1),
(1, 49, 50, 1, 28, 1),
(1, 49, 50, 2, 28, 1),
(1, 49, 50, 3, 28, 1),
(1, 49, 50, 4, 28, 1),
(1, 50, 51, 1, 66, 1),
(1, 50, 51, 2, 66, 1),
(1, 50, 51, 3, 66, 1),
(1, 50, 51, 4, 66, 1),
(1, 51, 52, 1, 51, 1),
(1, 51, 52, 2, 51, 1),
(1, 51, 52, 3, 51, 1),
(1, 51, 52, 4, 51, 1),
(1, 52, 53, 1, 77, 1),
(1, 52, 53, 2, 77, 1),
(1, 52, 53, 3, 77, 1),
(1, 52, 53, 4, 77, 1),
(1, 53, 54, 1, 11, 1),
(1, 53, 54, 2, 11, 1),
(1, 53, 54, 3, 11, 1),
(1, 53, 54, 4, 11, 1),
(1, 54, 55, 1, 119, 1),
(1, 54, 55, 2, 119, 1),
(1, 54, 55, 3, 119, 1),
(1, 54, 55, 4, 119, 1),
(1, 55, 56, 1, 64, 1),
(1, 55, 56, 2, 64, 1),
(1, 55, 56, 3, 64, 1),
(1, 55, 56, 4, 64, 1),
(1, 56, 57, 1, 70, 1),
(1, 56, 57, 2, 70, 1),
(1, 56, 57, 3, 70, 1),
(1, 56, 57, 4, 70, 1),
(1, 57, 58, 1, 22, 1),
(1, 57, 58, 2, 22, 1),
(1, 57, 58, 3, 22, 1),
(1, 57, 58, 4, 22, 1),
(1, 58, 59, 1, 26, 1),
(1, 58, 59, 2, 26, 1),
(1, 58, 59, 3, 26, 1),
(1, 58, 59, 4, 26, 1),
(1, 59, 60, 1, 46, 1),
(1, 59, 60, 2, 46, 1),
(1, 59, 60, 3, 46, 1),
(1, 59, 60, 4, 46, 1),
(1, 60, 61, 1, 43, 1),
(1, 60, 61, 2, 43, 1),
(1, 60, 61, 3, 43, 1),
(1, 60, 61, 4, 43, 1),
(1, 61, 62, 1, 8, 1),
(1, 61, 62, 2, 8, 1),
(1, 61, 62, 3, 8, 1),
(1, 61, 62, 4, 8, 1),
(1, 62, 63, 1, 15, 1),
(1, 62, 63, 2, 15, 1),
(1, 62, 63, 3, 15, 1),
(1, 62, 63, 4, 15, 1),
(1, 63, 64, 1, 71, 1),
(1, 63, 64, 2, 71, 1),
(1, 63, 64, 3, 71, 1),
(1, 63, 64, 4, 71, 1),
(1, 64, 65, 1, 3, 1),
(1, 64, 65, 2, 3, 1),
(1, 64, 65, 3, 3, 1),
(1, 64, 65, 4, 3, 1),
(1, 65, 66, 1, 14, 1),
(1, 65, 66, 2, 14, 1),
(1, 65, 66, 3, 14, 1),
(1, 65, 66, 4, 14, 1),
(1, 66, 67, 1, 28, 1),
(1, 66, 67, 2, 28, 1),
(1, 66, 67, 3, 28, 1),
(1, 66, 67, 4, 28, 1),
(1, 67, 68, 1, 31, 1),
(1, 67, 68, 2, 31, 1),
(1, 67, 68, 3, 31, 1),
(1, 67, 68, 4, 31, 1),
(1, 68, 69, 1, 4, 1),
(1, 68, 69, 2, 4, 1),
(1, 68, 69, 3, 4, 1),
(1, 68, 69, 4, 4, 1),
(1, 69, 70, 1, 9, 1),
(1, 69, 70, 2, 9, 1),
(1, 69, 70, 3, 9, 1),
(1, 69, 70, 4, 9, 1),
(1, 70, 71, 1, 5, 1),
(1, 70, 71, 2, 5, 1),
(1, 70, 71, 3, 5, 1),
(1, 70, 71, 4, 5, 1),
(1, 71, 72, 1, 53, 1),
(1, 71, 72, 2, 53, 1),
(1, 71, 72, 3, 53, 1),
(1, 71, 72, 4, 53, 1),
(1, 72, 73, 1, 13, 1),
(1, 72, 73, 2, 13, 1),
(1, 72, 73, 3, 13, 1),
(1, 72, 73, 4, 13, 1),
(1, 73, 74, 1, 7, 1),
(1, 73, 74, 2, 7, 1),
(1, 73, 74, 3, 7, 1),
(1, 73, 74, 4, 7, 1),
(1, 74, 75, 1, 15, 1),
(1, 74, 75, 2, 15, 1),
(1, 74, 75, 3, 15, 1),
(1, 74, 75, 4, 15, 1),
(1, 75, 76, 1, 10, 1),
(1, 75, 76, 2, 10, 1),
(1, 75, 76, 3, 10, 1),
(1, 75, 76, 4, 10, 1),
(1, 76, 77, 1, 11, 1),
(1, 76, 77, 2, 11, 1),
(1, 76, 77, 3, 11, 1),
(1, 76, 77, 4, 11, 1),
(1, 77, 78, 1, 169, 1),
(1, 77, 78, 2, 169, 1),
(1, 77, 78, 3, 169, 1),
(1, 77, 78, 4, 169, 1),
(1, 78, 79, 1, 27, 1),
(1, 78, 79, 2, 27, 1),
(1, 78, 79, 3, 27, 1),
(1, 78, 79, 4, 27, 1),
(1, 79, 80, 1, 9, 0.67),
(1, 79, 81, 1, 117, 0.33),
(1, 79, 80, 2, 9, 0.67),
(1, 79, 81, 2, 117, 0.33),
(1, 79, 80, 3, 9, 0.67),
(1, 79, 81, 3, 117, 0.33),
(1, 79, 80, 4, 9, 0.67),
(1, 79, 81, 4, 117, 0.33),
(1, 80, 81, 1, 108, 1),
(1, 80, 81, 2, 108, 1),
(1, 80, 81, 3, 108, 1),
(1, 80, 81, 4, 108, 1),
(1, 81, 82, 1, 8, 1),
(1, 81, 82, 2, 8, 1),
(1, 81, 82, 3, 8, 1),
(1, 81, 82, 4, 8, 1),
(1, 82, 83, 1, 91, 1),
(1, 82, 83, 2, 91, 1),
(1, 82, 83, 3, 91, 1),
(1, 82, 83, 4, 91, 1),
(1, 83, 84, 1, 76, 1),
(1, 83, 84, 2, 76, 1),
(1, 83, 84, 3, 76, 1),
(1, 83, 84, 4, 76, 1),
(1, 84, 85, 1, 7, 1),
(1, 84, 85, 2, 7, 1),
(1, 84, 85, 3, 7, 1),
(1, 84, 85, 4, 7, 1),
(1, 85, 86, 1, 109, 1),
(1, 85, 86, 2, 109, 1),
(1, 85, 86, 3, 109, 1),
(1, 85, 86, 4, 109, 1),
(1, 86, 87, 1, 126, 1),
(1, 86, 87, 2, 126, 1),
(1, 86, 87, 3, 126, 1),
(1, 86, 87, 4, 126, 1),
(1, 87, 88, 1, 175, 1),
(1, 87, 88, 2, 175, 1),
(1, 87, 88, 3, 175, 1),
(1, 87, 88, 4, 175, 1),
(1, 88, 89, 1, 53, 1),
(1, 88, 89, 2, 53, 1),
(1, 88, 89, 3, 53, 1),
(1, 88, 89, 4, 53, 1),
(1, 89, 90, 1, 94, 1),
(1, 89, 90, 2, 94, 1),
(1, 89, 90, 3, 94, 1),
(1, 89, 90, 4, 94, 1),
(1, 90, 91, 1, 29, 1),
(1, 90, 91, 2, 29, 1),
(1, 90, 91, 3, 29, 1),
(1, 90, 91, 4, 29, 1),
(1, 91, 92, 1, 54, 1),
(1, 91, 92, 2, 54, 1),
(1, 91, 92, 3, 54, 1),
(1, 91, 92, 4, 54, 1);

-- --------------------------------------------------------

--
-- Table structure for table `Landmarks`
--

CREATE TABLE IF NOT EXISTS `Landmarks` (
  `LandmarkId` int(11) NOT NULL AUTO_INCREMENT,
  `Landmark` text NOT NULL,
  `Latitude` double NOT NULL,
  `Longitude` double NOT NULL,
  `SpecificSignature` text NOT NULL,
  PRIMARY KEY (`LandmarkId`)
) ENGINE=InnoDB  DEFAULT CHARSET=latin1 AUTO_INCREMENT=93 ;

--
-- Dumping data for table `Landmarks`
--

INSERT INTO `Landmarks` (`LandmarkId`, `Landmark`, `Latitude`, `Longitude`, `SpecificSignature`) VALUES
(1, 'BusStop_0+', 23.56460653, 87.28257439, ''),
(2, 'Turn_1+', 23.5671039, 87.28663777, ''),
(3, 'Turn_2+', 23.57172865, 87.28690901, ''),
(4, 'BusStop_1+', 23.57198358, 87.28533436, ''),
(5, 'Turn_3+', 23.57221907, 87.28314065, ''),
(6, 'BusStop_2+', 23.57227065, 87.28248958, ''),
(7, 'Turn_4+', 23.57166435, 87.27768788, ''),
(8, 'BusStop_3+', 23.5736939, 87.27648549, ''),
(9, 'BusStop_4+', 23.57960715, 87.27348783, ''),
(10, 'Bumper_1+', 23.57980645, 87.27349674, ''),
(11, 'Turn_5+', 23.58247451, 87.27562893, ''),
(12, 'BusStop_5+', 23.58233541, 87.27600546, ''),
(13, 'Turn_6+', 23.57864399, 87.28247497, ''),
(14, 'BusStop_6+', 23.57863135, 87.28267389, ''),
(15, 'Turn_7+', 23.58011166, 87.28341409, ''),
(16, 'Turn_8+', 23.5802177, 87.28272272, ''),
(17, 'Turn_9+', 23.58254184, 87.28252322, ''),
(18, 'BusStop_7+', 23.58278227, 87.2832976, ''),
(19, 'Turn_10+', 23.58273155, 87.28346158, ''),
(20, 'Turn_11+', 23.58845009, 87.28206294, ''),
(21, 'BusStop_8+', 23.58882313, 87.28200462, ''),
(22, 'Turn_12+', 23.59082308, 87.28397635, ''),
(23, 'BusStop_9+', 23.59068361, 87.28451285, ''),
(24, 'BusStop_10+', 23.59052557, 87.28465202, ''),
(25, 'Turn_13+', 23.58727331, 87.28788228, ''),
(26, 'BusStop_11+', 23.58644425, 87.28756288, ''),
(27, 'BusStop_12+', 23.58001472, 87.28747099, ''),
(28, 'BusStop_13+', 23.57973196, 87.28769212, ''),
(29, 'Turn_14+', 23.57970709, 87.29121047, ''),
(30, 'Turn_15+', 23.57981378, 87.29158373, ''),
(31, 'BusStop_14+', 23.57491798, 87.2914857, ''),
(32, 'Turn_16+', 23.57418252, 87.29147908, ''),
(33, 'BusStop_15+', 23.57413691, 87.29150438, ''),
(34, 'BusStop_16+', 23.57418221, 87.29571879, ''),
(35, 'BusStop_17+', 23.57409542, 87.29921657, ''),
(36, 'Bumper_2+', 23.57405665, 87.30070229, ''),
(37, 'Bumper_3+', 23.57404401, 87.30116616, ''),
(38, 'Turn_17+', 23.57419879, 87.30245071, ''),
(39, 'BusStop_18+', 23.57424562, 87.30259346, ''),
(40, 'BusStop_19+', 23.57423693, 87.30259913, ''),
(41, 'Turn_18+', 23.57422791, 87.30260363, ''),
(42, 'BusStop_20+', 23.57228801, 87.30259391, ''),
(43, 'Turn_19+', 23.56815125, 87.30254815, ''),
(44, 'Turn_20+', 23.56828707, 87.29906247, ''),
(45, 'BusStop_21+', 23.56657844, 87.29885625, ''),
(46, 'BusStop_22+', 23.56239381, 87.29882087, ''),
(47, 'BusStop_23+', 23.55999327, 87.29879395, ''),
(48, 'BusStop_24+', 23.55924887, 87.29877762, ''),
(49, 'BusStop_25+', 23.55215942, 87.29681215, ''),
(50, 'Turn_21+', 23.55136008, 87.29651936, ''),
(51, 'BusStop_26+', 23.54870651, 87.30118415, ''),
(52, 'BusStop_27+', 23.548291, 87.30386797, ''),
(53, 'Turn_22+', 23.54687415, 87.30985764, ''),
(54, 'BusStop_28+', 23.54657372, 87.30988027, ''),
(55, 'BusStop_29+', 23.54661923, 87.30985785, ''),
(56, 'BusStop_30+', 23.54429392, 87.30823712, ''),
(57, 'BusStop_31+', 23.54240991, 87.30693771, ''),
(58, 'BusStop_32+', 23.542372, 87.30686347, ''),
(59, 'Turn_23+', 23.54229313, 87.30680096, ''),
(60, 'BusStop_33+', 23.5433743, 87.30452978, ''),
(61, 'Turn_24+', 23.54468282, 87.3023062, ''),
(62, 'BusStop_34+', 23.5445771, 87.30206071, ''),
(63, 'BusStop_35+', 23.54442241, 87.30191481, ''),
(64, 'Bumper_4+', 23.54042887, 87.29919668, ''),
(65, 'BusStop_36+', 23.54042796, 87.29917052, ''),
(66, 'Bumper_5+', 23.54033111, 87.29912921, ''),
(67, 'Bumper_6+', 23.53889127, 87.29815607, ''),
(68, 'Bumper_7+', 23.53751907, 87.29729544, ''),
(69, 'Turn_25+', 23.53751787, 87.29714069, ''),
(70, 'Turn_26+', 23.53761729, 87.29686509, ''),
(71, 'BusStop_37+', 23.53754549, 87.2967556, ''),
(72, 'BusStop_38+', 23.53601491, 87.29580597, ''),
(73, 'Turn_27+', 23.53599941, 87.2958128, ''),
(74, 'Bumper_8+', 23.53593105, 87.29591522, ''),
(75, 'Bumper_9+', 23.53553534, 87.29664098, ''),
(76, 'Turn_28+', 23.53553094, 87.29722157, ''),
(77, 'BusStop_39+', 23.53575411, 87.29752173, ''),
(78, 'BusStop_40+', 23.53572321, 87.29791447, ''),
(79, 'BusStop_41+', 23.53572212, 87.29800808, ''),
(80, 'BusStop_42+', 23.53568518, 87.2980973, ''),
(81, 'Turn_29+', 23.53553046, 87.2984349, ''),
(82, 'Turn_30+', 23.5353584, 87.29854063, ''),
(83, 'BusStop_43+', 23.53340316, 87.30646219, ''),
(84, 'Turn_31+', 23.52845899, 87.31108816, ''),
(85, 'BusStop_44+', 23.52817485, 87.31120561, ''),
(86, 'BusStop_45+', 23.52714482, 87.31118466, ''),
(87, 'BusStop_46+', 23.51934134, 87.31129692, ''),
(88, 'BusStop_47+', 23.50353737, 87.30770853, ''),
(89, 'BusStop_48+', 23.50021886, 87.30610932, ''),
(90, 'BusStop_49+', 23.49650602, 87.31362532, ''),
(91, 'Turn_32+', 23.49573015, 87.3148451, ''),
(92, 'BusStop_50+', 23.49472805, 87.3170645, '');

-- --------------------------------------------------------

--
-- Table structure for table `LandmarkToRoute`
--

CREATE TABLE IF NOT EXISTS `LandmarkToRoute` (
  `LandmarkId` int(11) NOT NULL,
  `RouteId` int(11) NOT NULL
) ENGINE=InnoDB DEFAULT CHARSET=latin1;

--
-- Dumping data for table `LandmarkToRoute`
--

INSERT INTO `LandmarkToRoute` (`LandmarkId`, `RouteId`) VALUES
(1, 1),
(2, 1),
(3, 1),
(4, 1),
(5, 1),
(6, 1),
(7, 1),
(8, 1),
(9, 1),
(10, 1),
(11, 1),
(12, 1),
(13, 1),
(14, 1),
(15, 1),
(16, 1),
(17, 1),
(18, 1),
(19, 1),
(20, 1),
(21, 1),
(22, 1),
(23, 1),
(24, 1),
(25, 1),
(26, 1),
(27, 1),
(28, 1),
(29, 1),
(30, 1),
(31, 1),
(32, 1),
(33, 1),
(34, 1),
(35, 1),
(36, 1),
(37, 1),
(38, 1),
(39, 1),
(40, 1),
(41, 1),
(42, 1),
(43, 1),
(44, 1),
(45, 1),
(46, 1),
(47, 1),
(48, 1),
(49, 1),
(50, 1),
(51, 1),
(52, 1),
(53, 1),
(54, 1),
(55, 1),
(56, 1),
(57, 1),
(58, 1),
(59, 1),
(60, 1),
(61, 1),
(62, 1),
(63, 1),
(64, 1),
(65, 1),
(66, 1),
(67, 1),
(68, 1),
(69, 1),
(70, 1),
(71, 1),
(72, 1),
(73, 1),
(74, 1),
(75, 1),
(76, 1),
(77, 1),
(78, 1),
(79, 1),
(80, 1),
(81, 1),
(82, 1),
(83, 1),
(84, 1),
(85, 1),
(86, 1),
(87, 1),
(88, 1),
(89, 1),
(90, 1),
(91, 1),
(92, 1);

-- --------------------------------------------------------

--
-- Table structure for table `Routes`
--

CREATE TABLE IF NOT EXISTS `Routes` (
  `RouteId` int(11) NOT NULL AUTO_INCREMENT,
  `RouteName` text NOT NULL,
  PRIMARY KEY (`RouteId`)
) ENGINE=InnoDB  DEFAULT CHARSET=latin1 AUTO_INCREMENT=2 ;

--
-- Dumping data for table `Routes`
--

INSERT INTO `Routes` (`RouteId`, `RouteName`) VALUES
(1, 'R1');

/*!40101 SET CHARACTER_SET_CLIENT=@OLD_CHARACTER_SET_CLIENT */;
/*!40101 SET CHARACTER_SET_RESULTS=@OLD_CHARACTER_SET_RESULTS */;
/*!40101 SET COLLATION_CONNECTION=@OLD_COLLATION_CONNECTION */;
