-- phpMyAdmin SQL Dump
-- version 3.4.10.1deb1
-- http://www.phpmyadmin.net
--
-- Host: localhost
-- Generation Time: Jun 11, 2015 at 10:45 AM
-- Server version: 5.5.31
-- PHP Version: 5.3.10-1ubuntu3.6

SET SQL_MODE="NO_AUTO_VALUE_ON_ZERO";
SET time_zone = "+00:00";


/*!40101 SET @OLD_CHARACTER_SET_CLIENT=@@CHARACTER_SET_CLIENT */;
/*!40101 SET @OLD_CHARACTER_SET_RESULTS=@@CHARACTER_SET_RESULTS */;
/*!40101 SET @OLD_COLLATION_CONNECTION=@@COLLATION_CONNECTION */;
/*!40101 SET NAMES utf8 */;

--
-- Database: `LandmarkDetection`
--

-- --------------------------------------------------------

--
-- Table structure for table `LandmarkDetails`
--

CREATE TABLE IF NOT EXISTS `LandmarkDetails` (
  `RouteId` int(11) NOT NULL,
  `FromLandmark` int(11) NOT NULL,
  `LandmarkId` int(11) NOT NULL,
  `TimeZone` int(11) NOT NULL,
  `TimeDiff` float NOT NULL,
  `Confidence` float NOT NULL,
  PRIMARY KEY (`RouteId`,`FromLandmark`,`LandmarkId`,`TimeZone`),
  KEY `FromLandmark` (`FromLandmark`),
  KEY `LandmarkId` (`LandmarkId`)
) ENGINE=InnoDB DEFAULT CHARSET=latin1;

--
-- Dumping data for table `LandmarkDetails`
--

INSERT INTO `LandmarkDetails` (`RouteId`, `FromLandmark`, `LandmarkId`, `TimeZone`, `TimeDiff`, `Confidence`) VALUES
(1, 0, 78, 1, 56.9764, 1),
(1, 0, 78, 2, 189.359, 1),
(1, 0, 78, 3, 243.813, 1),
(1, 0, 78, 4, 10.0755, 1),
(1, 78, 79, 1, 201.072, 1),
(1, 78, 79, 2, 118.079, 1),
(1, 78, 79, 3, 240.109, 1),
(1, 78, 79, 4, 78.8623, 1),
(1, 79, 80, 1, 280.816, 1),
(1, 79, 80, 2, 138.492, 1),
(1, 79, 80, 3, 22.9911, 1),
(1, 79, 80, 4, 41.5982, 1),
(1, 80, 81, 1, 35.4114, 1),
(1, 80, 81, 2, 177.701, 1),
(1, 80, 81, 3, 74.2311, 1),
(1, 80, 81, 4, 168.506, 1),
(1, 81, 82, 1, 168.76, 1),
(1, 81, 82, 2, 82.6597, 1),
(1, 81, 82, 3, 66.7076, 1),
(1, 81, 82, 4, 260.395, 1),
(1, 82, 83, 1, 245.176, 1),
(1, 82, 83, 2, 217.192, 1),
(1, 82, 83, 3, 118.151, 1),
(1, 82, 83, 4, 174.719, 1),
(1, 83, 84, 1, 154.093, 1),
(1, 83, 84, 2, 85.2592, 1),
(1, 83, 84, 3, 219.92, 1),
(1, 83, 84, 4, 254.338, 1),
(1, 84, 85, 1, 239.335, 1),
(1, 84, 85, 2, 212.377, 1),
(1, 84, 85, 3, 180.968, 1),
(1, 84, 85, 4, 117.551, 1),
(1, 85, 86, 1, 157.576, 1),
(1, 85, 86, 2, 68.3497, 1),
(1, 85, 86, 3, 218.118, 1),
(1, 85, 86, 4, 163.293, 1),
(1, 86, 87, 1, 268.191, 1),
(1, 86, 87, 2, 223.108, 1),
(1, 86, 87, 3, 251.697, 1),
(1, 86, 87, 4, 238.637, 1),
(1, 87, 88, 1, 24.204, 1),
(1, 87, 88, 2, 265.898, 1),
(1, 87, 88, 3, 240.607, 1),
(1, 87, 88, 4, 217.291, 1),
(1, 88, 89, 1, 194.082, 1),
(1, 88, 89, 2, 279.714, 1),
(1, 88, 89, 3, 219.449, 1),
(1, 88, 89, 4, 140.411, 1),
(1, 89, 90, 1, 238.304, 1),
(1, 89, 90, 2, 180.559, 1),
(1, 89, 90, 3, 204.764, 1),
(1, 89, 90, 4, 79.9119, 1),
(1, 90, 91, 1, 280.7, 1),
(1, 90, 91, 2, 186.538, 1),
(1, 90, 91, 3, 23.0525, 1),
(1, 90, 91, 4, 29.546, 1),
(1, 91, 92, 1, 41.4201, 1),
(1, 91, 92, 2, 262.728, 1),
(1, 91, 92, 3, 51.5643, 1),
(1, 91, 92, 4, 35.5264, 1),
(1, 92, 93, 1, 25.0643, 1),
(1, 92, 93, 2, 209.397, 1),
(1, 92, 93, 3, 162.181, 1),
(1, 92, 93, 4, 36.1108, 1),
(1, 93, 94, 1, 177.899, 1),
(1, 93, 94, 2, 221.563, 1),
(1, 93, 94, 3, 171.487, 1),
(1, 93, 94, 4, 87.949, 1),
(1, 94, 95, 1, 235.974, 1),
(1, 94, 95, 2, 81.8987, 1),
(1, 94, 95, 3, 20.7355, 1),
(1, 94, 95, 4, 161.709, 1),
(1, 95, 96, 1, 257.632, 1),
(1, 95, 96, 2, 211.943, 1),
(1, 95, 96, 3, 293.118, 1),
(1, 95, 96, 4, 71.6687, 1),
(1, 96, 97, 1, 157.103, 1),
(1, 96, 97, 2, 262.013, 1),
(1, 96, 97, 3, 287.419, 1),
(1, 96, 97, 4, 69.4186, 1),
(1, 97, 98, 1, 148.798, 1),
(1, 97, 98, 2, 57.8424, 1),
(1, 97, 98, 3, 211.359, 1),
(1, 97, 98, 4, 185.825, 1),
(1, 98, 99, 1, 135.289, 1),
(1, 98, 99, 2, 44.7566, 1),
(1, 98, 99, 3, 82.4682, 1),
(1, 98, 99, 4, 254.198, 1),
(1, 99, 100, 1, 161.226, 1),
(1, 99, 100, 2, 74.6669, 1),
(1, 99, 100, 3, 83.7553, 1),
(1, 99, 100, 4, 217.835, 1),
(1, 100, 101, 1, 261.166, 1),
(1, 100, 101, 2, 159.71, 1),
(1, 100, 101, 3, 45.1538, 1),
(1, 100, 101, 4, 42.3366, 1),
(1, 101, 102, 1, 269.54, 1),
(1, 101, 102, 2, 206.923, 1),
(1, 101, 102, 3, 185.751, 1),
(1, 101, 102, 4, 169.593, 1),
(1, 102, 103, 1, 184.226, 1),
(1, 102, 103, 2, 276.101, 1),
(1, 102, 103, 3, 138.515, 1),
(1, 102, 103, 4, 18.8038, 1),
(1, 103, 104, 1, 297.718, 1),
(1, 103, 104, 2, 207.402, 1),
(1, 103, 104, 3, 97.7982, 1),
(1, 103, 104, 4, 76.8351, 1),
(1, 104, 105, 1, 50.6131, 1),
(1, 104, 105, 2, 132.098, 1),
(1, 104, 105, 3, 148.366, 1),
(1, 104, 105, 4, 142.464, 1),
(1, 105, 106, 1, 131.36, 1),
(1, 105, 106, 2, 75.1501, 1),
(1, 105, 106, 3, 188.216, 1),
(1, 105, 106, 4, 24.5268, 1),
(1, 106, 107, 1, 140.547, 1),
(1, 106, 107, 2, 263.088, 1),
(1, 106, 107, 3, 152.044, 1),
(1, 106, 107, 4, 212.136, 1),
(1, 107, 108, 1, 187.794, 1),
(1, 107, 108, 2, 75.7429, 1),
(1, 107, 108, 3, 159.552, 1),
(1, 107, 108, 4, 166.2, 1),
(1, 108, 109, 1, 26.4072, 1),
(1, 108, 109, 2, 120.166, 1),
(1, 108, 109, 3, 128.865, 1),
(1, 108, 109, 4, 102.164, 1),
(1, 109, 110, 1, 153.451, 1),
(1, 109, 110, 2, 204.238, 1),
(1, 109, 110, 3, 277.002, 1),
(1, 109, 110, 4, 236.818, 1),
(1, 110, 111, 1, 115.726, 1),
(1, 110, 111, 2, 205.7, 1),
(1, 110, 111, 3, 292.888, 1),
(1, 110, 111, 4, 218.525, 1),
(1, 111, 112, 1, 272.479, 1),
(1, 111, 112, 2, 279.937, 1),
(1, 111, 112, 3, 34.6751, 1),
(1, 111, 112, 4, 106.313, 1),
(1, 112, 113, 1, 21.1118, 1),
(1, 112, 113, 2, 46.2316, 1),
(1, 112, 113, 3, 67.2933, 1),
(1, 112, 113, 4, 102.819, 1),
(1, 113, 114, 1, 279.062, 1),
(1, 113, 114, 2, 258.112, 1),
(1, 113, 114, 3, 9.71558, 1),
(1, 113, 114, 4, 168.098, 1),
(1, 114, 115, 1, 94.9958, 1),
(1, 114, 115, 2, 173.842, 1),
(1, 114, 115, 3, 44.0987, 1),
(1, 114, 115, 4, 39.8596, 1),
(1, 115, 116, 1, 179.167, 1),
(1, 115, 116, 2, 197.955, 1),
(1, 115, 116, 3, 46.8628, 1),
(1, 115, 116, 4, 132.961, 1),
(1, 116, 117, 1, 130.357, 1),
(1, 116, 117, 2, 141.373, 1),
(1, 116, 117, 3, 17.674, 1),
(1, 116, 117, 4, 278.738, 1),
(1, 117, 118, 1, 102.094, 1),
(1, 117, 118, 2, 299.199, 1),
(1, 117, 118, 3, 228.017, 1),
(1, 117, 118, 4, 109.691, 1),
(1, 118, 119, 1, 146.403, 1),
(1, 118, 119, 2, 162.918, 1),
(1, 118, 119, 3, 113.458, 1),
(1, 118, 119, 4, 98.2064, 1),
(1, 119, 120, 1, 211.778, 1),
(1, 119, 120, 2, 146.565, 1),
(1, 119, 120, 3, 15.9179, 1),
(1, 119, 120, 4, 166.785, 1),
(1, 120, 121, 1, 275.569, 1),
(1, 120, 121, 2, 256.887, 1),
(1, 120, 121, 3, 218.228, 1),
(1, 120, 121, 4, 19.2391, 1),
(1, 121, 122, 1, 143.055, 1),
(1, 121, 122, 2, 98.5782, 1),
(1, 121, 122, 3, 69.2002, 1),
(1, 121, 122, 4, 193.637, 1),
(1, 122, 123, 1, 248.09, 1),
(1, 122, 123, 2, 11.3401, 1),
(1, 122, 123, 3, 193.251, 1),
(1, 122, 123, 4, 273.157, 1),
(1, 123, 124, 1, 195.774, 1),
(1, 123, 124, 2, 9.60541, 1),
(1, 123, 124, 3, 27.0324, 1),
(1, 123, 124, 4, 164.767, 1),
(1, 124, 125, 1, 178.592, 1),
(1, 124, 125, 2, 254.694, 1),
(1, 124, 125, 3, 285.287, 1),
(1, 124, 125, 4, 22.9827, 1),
(1, 125, 126, 1, 151.22, 1),
(1, 125, 126, 2, 277.457, 1),
(1, 125, 126, 3, 285.587, 1),
(1, 125, 126, 4, 38.3157, 1),
(1, 126, 127, 1, 57.5346, 1),
(1, 126, 127, 2, 15.5412, 1),
(1, 126, 127, 3, 36.0767, 1),
(1, 126, 127, 4, 146.901, 1),
(1, 127, 128, 1, 29.6825, 1),
(1, 127, 128, 2, 134.085, 1),
(1, 127, 128, 3, 29.824, 1),
(1, 127, 128, 4, 23.4452, 1),
(1, 128, 129, 1, 50.2603, 1),
(1, 128, 129, 2, 270.657, 1),
(1, 128, 129, 3, 10.9951, 1),
(1, 128, 129, 4, 267.701, 1),
(1, 129, 130, 1, 264.626, 1),
(1, 129, 130, 2, 203.991, 1),
(1, 129, 130, 3, 74.7413, 1),
(1, 129, 130, 4, 264.658, 1),
(1, 130, 131, 1, 6.35976, 1),
(1, 130, 131, 2, 299.546, 1),
(1, 130, 131, 3, 112.421, 1),
(1, 130, 131, 4, 51.1371, 1),
(1, 131, 132, 1, 187.962, 1),
(1, 131, 132, 2, 237.457, 1),
(1, 131, 132, 3, 90.5278, 1),
(1, 131, 132, 4, 194.147, 1),
(1, 132, 133, 1, 292.543, 1),
(1, 132, 133, 2, 77.4395, 1),
(1, 132, 133, 3, 140.268, 1),
(1, 132, 133, 4, 126.825, 1),
(1, 133, 134, 1, 43.7678, 1),
(1, 133, 134, 2, 91.26, 1),
(1, 133, 134, 3, 241.691, 1),
(1, 133, 134, 4, 88.5064, 1),
(1, 134, 135, 1, 13.2676, 1),
(1, 134, 135, 2, 156.795, 1),
(1, 134, 135, 3, 53.3243, 1),
(1, 134, 135, 4, 104.54, 1),
(1, 135, 136, 1, 71.4425, 1),
(1, 135, 136, 2, 95.8854, 1),
(1, 135, 136, 3, 146.122, 1),
(1, 135, 136, 4, 171.939, 1),
(1, 136, 137, 1, 210.641, 1),
(1, 136, 137, 2, 230.842, 1),
(1, 136, 137, 3, 235.153, 1),
(1, 136, 137, 4, 72.4575, 1),
(1, 137, 138, 1, 200.349, 1),
(1, 137, 138, 2, 263.44, 1),
(1, 137, 138, 3, 249.996, 1),
(1, 137, 138, 4, 247.971, 1),
(1, 138, 139, 1, 276.621, 1),
(1, 138, 139, 2, 6.95366, 1),
(1, 138, 139, 3, 133.849, 1),
(1, 138, 139, 4, 135.766, 1),
(1, 139, 140, 1, 204.666, 1),
(1, 139, 140, 2, 289.328, 1),
(1, 139, 140, 3, 172.938, 1),
(1, 139, 140, 4, 261.49, 1),
(1, 140, 141, 1, 65.4532, 1),
(1, 140, 141, 2, 198.775, 1),
(1, 140, 141, 3, 281.447, 1),
(1, 140, 141, 4, 291.113, 1),
(1, 141, 142, 1, 11.127, 1),
(1, 141, 142, 2, 127.339, 1),
(1, 141, 142, 3, 238.612, 1),
(1, 141, 142, 4, 276.813, 1),
(1, 142, 143, 1, 175.338, 1),
(1, 142, 143, 2, 291.097, 1),
(1, 142, 143, 3, 72.5527, 1),
(1, 142, 143, 4, 138.363, 1),
(1, 143, 144, 1, 114.731, 1),
(1, 143, 144, 2, 22.2375, 1),
(1, 143, 144, 3, 144.611, 1),
(1, 143, 144, 4, 225.55, 1),
(1, 144, 145, 1, 264.18, 1),
(1, 144, 145, 2, 136.959, 1),
(1, 144, 145, 3, 55.6465, 1),
(1, 144, 145, 4, 146.057, 1),
(1, 145, 146, 1, 186.336, 1),
(1, 145, 146, 2, 267.459, 1),
(1, 145, 146, 3, 174.592, 1),
(1, 145, 146, 4, 275.08, 1),
(1, 146, 147, 1, 65.7409, 1),
(1, 146, 147, 2, 52.6623, 1),
(1, 146, 147, 3, 129.579, 1),
(1, 146, 147, 4, 54.4469, 1),
(1, 147, 148, 1, 151.746, 1),
(1, 147, 148, 2, 45.7035, 1),
(1, 147, 148, 3, 223.88, 1),
(1, 147, 148, 4, 236.803, 1),
(1, 148, 149, 1, 43.2261, 1),
(1, 148, 149, 2, 30.3107, 1),
(1, 148, 149, 3, 252.56, 1),
(1, 148, 149, 4, 296.412, 1),
(1, 149, 150, 1, 182.043, 1),
(1, 149, 150, 2, 135.87, 1),
(1, 149, 150, 3, 180.954, 1),
(1, 149, 150, 4, 284.864, 1),
(1, 150, 151, 1, 227.708, 1),
(1, 150, 151, 2, 120.509, 1),
(1, 150, 151, 3, 36.4112, 1),
(1, 150, 151, 4, 137.575, 1),
(1, 151, 152, 1, 237.529, 1),
(1, 151, 152, 2, 146.757, 1),
(1, 151, 152, 3, 231.373, 1),
(1, 151, 152, 4, 161.601, 1);

-- --------------------------------------------------------

--
-- Table structure for table `Landmarks`
--

CREATE TABLE IF NOT EXISTS `Landmarks` (
  `LandmarkId` int(11) NOT NULL AUTO_INCREMENT,
  `Landmark` text NOT NULL,
  `Latitude` double NOT NULL,
  `Longitude` double NOT NULL,
  `SpecificSignature` text NOT NULL,
  PRIMARY KEY (`LandmarkId`)
) ENGINE=InnoDB  DEFAULT CHARSET=latin1 AUTO_INCREMENT=154 ;

--
-- Dumping data for table `Landmarks`
--

INSERT INTO `Landmarks` (`LandmarkId`, `Landmark`, `Latitude`, `Longitude`, `SpecificSignature`) VALUES
(78, 'Turn_1+', 23.5672077, 87.28702723, ''),
(79, 'Turn_2+', 23.57223627, 87.28666043, ''),
(80, 'BusStop_1+', 23.57222277, 87.2824981, ''),
(81, 'BusStop_2+', 23.57210216, 87.27849162, ''),
(82, 'Turn_3+', 23.57160618, 87.27738998, ''),
(83, 'BusStop_3+', 23.57379589, 87.2764378, ''),
(84, 'BusStop_4+', 23.57656687, 87.27483501, ''),
(85, 'BusStop_5+', 23.5798048, 87.27355276, ''),
(86, 'Bumper_1+', 23.57978161, 87.27353048, ''),
(87, 'Turn_5+', 23.58266855, 87.27576653, ''),
(88, 'BusStop_6+', 23.5822838, 87.27611034, ''),
(89, 'Turn_6+', 23.57862184, 87.28272545, ''),
(90, 'BusStop_7+', 23.57868366, 87.28281583, ''),
(91, 'Turn_7+', 23.58019486, 87.28337067, ''),
(92, 'Turn_8+', 23.58034322, 87.28250123, ''),
(93, 'Turn_9+', 23.58258315, 87.28256116, ''),
(94, 'Turn_10+', 23.58284812, 87.28334992, ''),
(95, 'BusStop_8+', 23.58459948, 87.2835115, ''),
(96, 'Turn_11+', 23.58870006, 87.2819284, ''),
(97, 'BusStop_9+', 23.58882284, 87.28200103, ''),
(98, 'Turn_12+', 23.59092437, 87.28418283, ''),
(99, 'Turn_13+', 23.58708247, 87.28794489, ''),
(100, 'BusStop_10+', 23.58471902, 87.2875113, ''),
(101, 'BusStop_11+', 23.58330178, 87.28751673, ''),
(102, 'BusStop_12+', 23.58016478, 87.28747670999999, ''),
(103, 'Turn_14+', 23.5797935, 87.28765396, ''),
(104, 'Turn_15+', 23.57984358, 87.2916118, ''),
(105, 'BusStop_13+', 23.57915866, 87.29155513, ''),
(106, 'Turn_16+', 23.57407263, 87.29158978, ''),
(107, 'BusStop_14+', 23.57409969, 87.29947914, ''),
(108, 'Bumper_2+', 23.57405353, 87.30071247, ''),
(109, 'Bumper_3+', 23.57404319, 87.30123154, ''),
(110, 'Turn_17+', 23.57415739, 87.30268309, ''),
(111, 'Stop_111+', 23.57235629, 87.30259741, ''),
(112, 'BusStop_15+', 23.57217112, 87.30253525, ''),
(113, 'Turn_18+', 23.5680181, 87.30248633, ''),
(114, 'BusStop_16+', 23.56786238, 87.30227218, ''),
(115, 'Turn_19+', 23.56827613, 87.29897239, ''),
(116, 'BusStop_17+', 23.56822217, 87.29888382, ''),
(117, 'BusStop_18+', 23.56009151, 87.298821, ''),
(118, 'Turn_20+', 23.55138081, 87.29660413, ''),
(119, 'BusStop_19+', 23.54806197, 87.30776132, ''),
(120, 'Turn_21+', 23.54803669, 87.30790851, ''),
(121, 'Turn_22+', 23.54669309, 87.31005868, ''),
(122, 'BusStop_20+', 23.54661135, 87.30991743, ''),
(123, 'BusStop_21+', 23.54246542, 87.30681449, ''),
(124, 'Turn_23+', 23.5423138, 87.30666187, ''),
(125, 'Turn_24+', 23.54477267, 87.30212193, ''),
(126, 'BusStop_22+', 23.5446808, 87.30190566, ''),
(127, 'BusStop_23+', 23.54172707, 87.30000443, ''),
(128, 'Bumper_4+', 23.54047997, 87.299047, ''),
(129, 'Bumper_5+', 23.54024313, 87.29903555, ''),
(130, 'BusStop_24+', 23.53880362, 87.29810126, ''),
(131, 'Bumper_6+', 23.53883177, 87.29806837, ''),
(132, 'Turn_25+', 23.53760701, 87.29723153, ''),
(133, 'Bumper_7+', 23.53763861, 87.29704797, ''),
(134, 'Turn_26+', 23.53775335, 87.29680646999999, ''),
(135, 'BusStop_25+', 23.53764311, 87.29656319, ''),
(136, 'Turn_27+', 23.53614624, 87.29582458, ''),
(137, 'Bumper_8+', 23.53596824, 87.29595585, ''),
(138, 'Bumper_9+', 23.53571282, 87.29633036, ''),
(139, 'Turn_28+', 23.53544326, 87.29704367, ''),
(140, 'BusStop_26+', 23.53574079, 87.29753018, ''),
(141, 'BusStop_27+', 23.53578212, 87.2978783, ''),
(142, 'Turn_29+', 23.53558039, 87.29865176, ''),
(143, 'BusStop_28+', 23.53547849, 87.29879315, ''),
(144, 'Turn_30+', 23.53547159, 87.29879256, ''),
(145, 'Turn_31+', 23.52835916, 87.3111776, ''),
(146, 'BusStop_29+', 23.52827468, 87.31118713, ''),
(147, 'BusStop_30+', 23.52820805, 87.31110734, ''),
(148, 'BusStop_31+', 23.52712859, 87.3110125, ''),
(149, 'BusStop_32+', 23.50363581, 87.30774418, ''),
(150, 'Turn_32+', 23.50003344, 87.30611495, ''),
(151, 'Turn_33+', 23.49572378, 87.31484982, ''),
(152, 'Bumper_10+', 23.49499519, 87.31672917, ''),
(153, 'BusStop_33+', 23.49477039, 87.31711386, '');

-- --------------------------------------------------------

--
-- Table structure for table `LandmarkToRoute`
--

CREATE TABLE IF NOT EXISTS `LandmarkToRoute` (
  `LandmarkId` int(11) NOT NULL,
  `RouteId` int(11) NOT NULL,
  PRIMARY KEY (`LandmarkId`,`RouteId`)
) ENGINE=InnoDB DEFAULT CHARSET=latin1;

--
-- Dumping data for table `LandmarkToRoute`
--

INSERT INTO `LandmarkToRoute` (`LandmarkId`, `RouteId`) VALUES
(78, 1),
(79, 1),
(80, 1),
(81, 1),
(82, 1),
(83, 1),
(84, 1),
(85, 1),
(86, 1),
(87, 1),
(88, 1),
(89, 1),
(90, 1),
(91, 1),
(92, 1),
(93, 1),
(94, 1),
(95, 1),
(96, 1),
(97, 1),
(98, 1),
(99, 1),
(100, 1),
(101, 1),
(102, 1),
(103, 1),
(104, 1),
(105, 1),
(106, 1),
(107, 1),
(108, 1),
(109, 1),
(110, 1),
(111, 1),
(112, 1),
(113, 1),
(114, 1),
(115, 1),
(116, 1),
(117, 1),
(118, 1),
(119, 1),
(120, 1),
(121, 1),
(122, 1),
(123, 1),
(124, 1),
(125, 1),
(126, 1),
(127, 1),
(128, 1),
(129, 1),
(130, 1),
(131, 1),
(132, 1),
(133, 1),
(134, 1),
(135, 1),
(136, 1),
(137, 1),
(138, 1),
(139, 1),
(140, 1),
(141, 1),
(142, 1),
(143, 1),
(144, 1),
(145, 1),
(146, 1),
(147, 1),
(148, 1),
(149, 1),
(150, 1),
(151, 1),
(152, 1);

-- --------------------------------------------------------

--
-- Table structure for table `Routes`
--

CREATE TABLE IF NOT EXISTS `Routes` (
  `RouteId` int(11) NOT NULL AUTO_INCREMENT,
  `RouteName` text NOT NULL,
  PRIMARY KEY (`RouteId`)
) ENGINE=InnoDB  DEFAULT CHARSET=latin1 AUTO_INCREMENT=2 ;

--
-- Dumping data for table `Routes`
--

INSERT INTO `Routes` (`RouteId`, `RouteName`) VALUES
(1, 'R1');

/*!40101 SET CHARACTER_SET_CLIENT=@OLD_CHARACTER_SET_CLIENT */;
/*!40101 SET CHARACTER_SET_RESULTS=@OLD_CHARACTER_SET_RESULTS */;
/*!40101 SET COLLATION_CONNECTION=@OLD_COLLATION_CONNECTION */;
